id,PROLIFIC_ID,STUDY_ID,SESSION_ID,age,educationLevel,politicalAffiliation,attendsProtests,gender_female,gender_intersex,gender_male,gender_nonBinary,gender_transgender,affiliatedMovements_climate,affiliatedMovements_gender,affiliatedMovements_indigenous,affiliatedMovements_labour,affiliatedMovements_none,affiliatedMovements_race,affiliatedMovements_religion,socialMedias_facebook,socialMedias_instagram,socialMedias_none,socialMedias_reddit,socialMedias_snapchat,socialMedias_tiktok,socialMedias_twitter
1,1,1,79,146.0,NA,right,0.0,0,0,1,0,0,0,0,0,0,1,0,1,0,0,0,0,0,0,1
2,2,1,28,100.0,NA,centreRight,0.0,1,0,0,0,0,1,0,0,0,0,1,0,0,0,0,1,0,0,1
3,3,1,32,64.0,communityCollege,centreLeft,1.0,0,1,1,0,0,0,0,1,0,0,1,0,0,0,0,0,0,0,1
4,4,1,91,132.0,doctorate,left,1.0,1,0,0,0,0,0,0,1,0,0,0,0,0,0,0,0,0,1,0
5,5,1,8,43.0,NA,right,0.0,1,0,0,0,0,0,0,0,1,0,0,0,0,0,1,0,0,1,0
6,6,1,72,53.0,graduateSchool,centreLeft,0.0,0,0,1,1,0,0,0,0,1,0,0,0,0,0,0,1,0,0,0
7,7,1,72,121.0,undergrad,left,0.0,0,0,0,1,0,1,1,0,0,0,0,0,0,1,0,1,0,0,0
8,8,1,10,74.0,,left,1.0,0,1,0,1,0,0,0,0,1,0,0,0,0,1,0,0,0,0,0
9,9,1,66,44.0,communityCollege,centreRight,1.0,0,0,0,0,1,1,0,0,1,0,0,0,0,1,0,0,0,0,0
12,12,1,33,69.0,highSchool,,0.0,1,0,0,0,0,0,1,0,0,1,0,0,0,1,0,0,0,1,0
14,14,1,53,49.0,highSchool,centreLeft,1.0,0,1,1,0,0,0,0,0,0,0,0,1,0,0,1,0,0,0,1
15,15,1,2,19.0,undergrad,centreLeft,0.0,0,0,1,0,0,0,1,0,1,0,0,0,0,0,1,0,1,0,0
16,16,1,68,65.0,doctorate,centreRight,0.0,1,1,0,0,0,0,0,0,1,1,0,0,0,0,0,0,0,1,1
17,17,1,67,48.0,communityCollege,centreRight,1.0,0,1,0,0,0,0,1,0,1,0,0,0,0,0,0,1,0,0,0
18,18,1,85,145.0,undergrad,centreLeft,0.0,1,1,0,0,0,0,0,1,0,0,0,0,0,0,0,0,0,0,1
20,20,1,92,99.0,,,0.0,0,1,0,0,0,0,0,0,1,0,0,0,0,1,0,1,0,0,0
22,22,1,29,43.0,highSchool,centreRight,0.0,0,1,1,0,0,0,1,1,0,0,0,0,0,1,0,0,0,1,0
23,23,1,71,139.0,,centre,,1,1,0,0,0,0,0,0,0,0,0,0,0,1,0,0,1,0,0
24,24,1,15,138.0,none,none,1.0,0,1,0,0,0,1,0,0,0,0,1,0,1,0,0,0,0,1,0
28,28,1,81,108.0,graduateSchool,none,1.0,0,0,0,1,1,0,1,0,0,0,0,1,1,0,0,0,0,0,1
29,29,1,71,23.0,highSchool,,1.0,0,0,1,0,1,1,0,0,0,0,0,1,0,0,0,1,0,0,1
30,30,1,5,34.0,none,none,1.0,0,1,1,0,0,0,0,1,0,0,0,1,1,0,0,0,0,0,0
31,31,1,19,109.0,secondary,left,0.0,0,0,0,1,1,0,0,1,0,0,0,0,0,0,0,1,1,0,0
32,32,1,55,96.0,highSchool,centreRight,0.0,0,0,0,1,0,0,1,1,0,0,0,0,0,0,0,1,0,1,0
33,33,1,40,116.0,NA,left,0.0,1,0,0,1,0,0,1,0,0,0,0,0,0,0,0,1,1,0,0
34,34,1,8,86.0,secondary,centreRight,1.0,0,0,1,0,0,0,0,0,1,0,1,0,0,0,0,0,0,1,0
35,35,1,20,64.0,communityCollege,none,0.0,1,0,0,1,0,0,0,1,0,1,0,0,0,1,0,0,1,0,0
36,36,1,33,26.0,none,right,0.0,0,0,0,0,0,0,0,0,0,1,0,1,0,0,0,1,0,0,0
38,38,1,8,34.0,undergrad,right,0.0,1,0,0,0,1,1,0,0,1,0,0,0,0,1,0,0,0,0,0
40,40,1,49,18.0,NA,left,0.0,1,0,0,0,0,1,0,0,0,1,0,0,1,0,0,0,0,1,0
41,41,1,26,52.0,,,1.0,0,0,0,0,1,0,1,0,0,1,0,0,0,0,0,0,1,0,0
43,43,1,39,70.0,highSchool,right,0.0,1,0,1,0,0,0,0,0,1,0,0,0,1,0,0,0,1,0,0
45,45,1,30,95.0,graduateSchool,right,0.0,0,0,0,1,0,0,1,0,0,0,0,0,1,1,0,0,0,0,0
48,48,1,35,91.0,doctorate,right,1.0,0,0,0,0,1,0,0,1,0,1,0,0,0,0,0,0,0,1,1
49,49,1,57,112.0,graduateSchool,centre,1.0,0,0,1,0,0,1,1,0,0,0,0,0,1,1,0,0,0,0,0
50,50,1,1,121.0,highSchool,centreLeft,1.0,1,0,0,0,0,1,0,1,0,0,0,0,0,0,0,1,0,0,0
51,51,1,79,129.0,doctorate,none,,0,0,1,0,1,0,0,0,0,0,0,0,0,0,0,1,0,0,0
52,52,1,94,106.0,highSchool,centreRight,0.0,1,1,0,0,0,0,0,0,0,1,0,0,0,0,0,1,0,0,0
54,54,1,91,144.0,secondary,left,0.0,0,0,0,0,1,0,0,0,0,1,1,0,0,0,0,1,0,0,1
56,56,1,72,120.0,doctorate,centreLeft,0.0,0,0,1,0,1,0,0,0,0,1,1,0,1,0,0,1,0,0,0
58,58,1,92,92.0,undergrad,centre,1.0,0,0,1,0,0,0,0,0,0,0,1,0,0,0,0,0,1,0,0
59,59,1,30,123.0,graduateSchool,right,1.0,0,0,1,0,0,0,0,0,0,1,0,0,0,0,0,1,1,0,0
60,60,1,75,94.0,secondary,centre,1.0,0,0,1,0,1,0,0,1,0,0,0,0,0,0,0,1,1,0,0
61,61,1,6,85.0,communityCollege,left,1.0,0,0,0,1,1,1,0,0,0,0,0,0,0,0,0,0,1,0,0
62,62,1,3,103.0,undergrad,centreRight,0.0,1,0,0,0,0,0,1,0,0,1,0,0,0,0,0,0,1,0,0
63,63,1,68,147.0,NA,right,1.0,0,0,0,1,1,1,0,0,0,0,0,0,0,0,0,0,0,0,1
65,65,1,19,98.0,NA,centre,0.0,0,0,0,1,0,0,0,0,1,1,0,0,1,0,0,0,0,0,1
66,66,1,48,108.0,communityCollege,left,1.0,0,0,1,0,1,0,0,0,0,1,0,1,0,1,0,0,0,1,0
68,68,1,37,143.0,undergrad,centre,1.0,0,0,0,0,0,0,0,1,0,0,0,0,1,0,0,0,0,0,0
69,69,1,6,47.0,highSchool,centreRight,0.0,0,1,0,1,0,1,0,0,0,0,0,0,1,0,0,0,0,0,0
70,70,1,51,128.0,communityCollege,centreLeft,0.0,1,0,1,0,0,0,0,1,1,0,0,0,0,0,1,0,0,1,0
71,71,1,18,112.0,doctorate,none,0.0,1,0,0,0,0,1,0,0,0,1,0,0,0,0,0,0,1,0,1
72,72,1,10,33.0,secondary,right,0.0,0,0,0,0,1,0,0,0,0,0,1,1,0,0,0,0,0,0,1
73,73,1,71,143.0,undergrad,right,1.0,0,0,1,0,0,0,0,0,0,0,0,1,1,0,1,0,0,0,0
74,74,1,40,53.0,secondary,left,0.0,0,1,1,0,0,0,1,0,0,0,0,0,0,0,0,0,0,0,1
76,76,1,39,48.0,NA,centre,0.0,0,1,0,1,0,0,0,0,1,0,0,0,0,1,0,0,0,0,0
77,77,1,47,75.0,undergrad,centreLeft,1.0,1,0,1,0,0,0,0,0,0,0,1,0,0,1,0,0,1,0,0
78,78,1,31,88.0,communityCollege,right,0.0,0,1,0,0,0,0,0,1,0,0,0,1,1,0,0,1,0,0,0
79,79,1,13,101.0,secondary,left,0.0,1,0,0,0,0,0,1,0,0,0,0,1,0,1,0,0,0,0,0
82,82,1,34,66.0,undergrad,right,1.0,1,0,0,0,1,0,0,0,1,0,0,0,0,0,0,1,0,0,0
83,83,1,66,97.0,secondary,right,0.0,1,1,0,0,0,0,0,0,0,1,0,0,0,1,0,0,0,1,0
85,85,1,23,65.0,communityCollege,centre,0.0,1,0,0,1,0,0,0,0,0,0,1,0,0,0,0,0,0,0,1
88,88,1,91,75.0,communityCollege,left,1.0,1,0,1,0,0,0,0,1,0,0,1,0,0,0,1,0,1,0,0
90,90,1,94,97.0,communityCollege,none,1.0,0,0,1,0,0,0,1,0,0,0,0,1,0,0,0,0,0,1,0
91,91,1,64,76.0,communityCollege,none,0.0,1,0,0,0,0,0,0,1,0,0,0,0,0,0,0,0,0,1,1
95,95,1,52,55.0,highSchool,,0.0,0,1,0,0,1,0,1,0,0,1,0,0,0,1,0,0,0,0,0
96,96,1,41,146.0,doctorate,left,0.0,0,0,0,0,1,0,0,0,1,0,1,0,0,1,0,0,0,1,0
97,97,1,28,88.0,NA,centreLeft,0.0,0,0,1,0,0,0,0,0,1,0,0,0,0,0,0,1,0,0,0
102,102,1,11,130.0,undergrad,right,1.0,0,1,1,0,0,0,0,0,0,1,1,0,0,0,1,0,1,0,0
103,103,1,52,21.0,undergrad,right,1.0,0,0,0,1,0,0,0,0,0,1,0,1,0,0,0,1,0,0,0
104,104,1,72,55.0,undergrad,centreLeft,0.0,0,1,1,0,0,1,0,0,0,0,0,0,0,0,0,1,0,0,0
108,108,1,94,25.0,highSchool,none,1.0,0,1,0,1,0,1,0,0,1,0,0,0,0,0,0,0,0,1,0
110,110,1,73,147.0,graduateSchool,centreLeft,0.0,0,0,1,1,0,0,0,1,0,1,0,0,0,1,1,0,0,0,0
111,111,1,28,109.0,undergrad,right,1.0,0,0,1,1,0,0,0,0,0,0,1,1,0,0,0,1,0,0,0
112,112,1,95,138.0,none,centre,0.0,1,0,0,1,0,0,1,0,0,1,0,0,0,0,0,1,0,1,0
113,113,1,75,45.0,highSchool,none,0.0,0,1,0,0,0,0,0,0,0,1,0,0,0,0,0,0,1,0,0
114,114,1,48,85.0,NA,left,0.0,1,0,0,1,0,0,0,0,0,1,0,1,1,0,0,0,0,0,0
115,115,1,57,56.0,graduateSchool,,0.0,1,0,1,0,0,0,0,1,0,0,0,1,0,1,0,0,0,0,0
116,116,1,73,25.0,secondary,centreRight,1.0,0,0,1,0,0,1,0,0,0,0,0,0,0,0,0,0,1,0,1
117,117,1,19,71.0,secondary,,1.0,0,1,1,0,0,0,1,0,0,0,0,0,0,0,1,0,1,0,0
118,118,1,72,52.0,none,,0.0,0,0,1,0,1,1,0,0,1,0,0,0,0,0,0,0,0,0,1
119,119,1,35,149.0,,none,0.0,1,1,0,0,0,1,0,0,0,1,0,0,0,1,0,1,0,0,0
121,121,1,65,26.0,none,left,0.0,0,0,0,0,1,0,0,0,1,0,0,0,0,1,1,0,0,0,0
122,122,1,82,73.0,none,left,0.0,1,1,0,0,0,0,0,1,0,0,0,0,0,0,0,0,0,1,0
123,123,1,56,76.0,highSchool,centreRight,1.0,0,0,0,1,0,0,0,0,0,0,1,0,0,0,0,1,1,0,0
124,124,1,41,61.0,none,centreRight,0.0,0,0,1,0,0,0,0,1,0,0,0,0,0,0,1,0,1,0,0
125,125,1,80,134.0,doctorate,,1.0,1,0,1,0,0,1,0,0,0,1,0,0,0,0,0,0,0,0,1
126,126,1,93,50.0,undergrad,centreLeft,0.0,1,0,1,0,0,0,0,1,1,0,0,0,0,0,1,0,1,0,0
127,127,1,46,46.0,none,left,1.0,1,0,1,0,0,0,1,0,0,0,1,0,0,0,1,0,0,1,0
129,129,1,99,108.0,highSchool,left,1.0,0,0,1,0,0,0,0,0,0,0,1,0,0,1,0,0,0,1,0
130,130,1,47,56.0,doctorate,centre,0.0,0,0,0,1,1,1,0,0,0,0,0,0,0,0,0,0,1,1,0
131,131,1,84,64.0,secondary,none,1.0,0,0,1,0,0,0,0,0,0,0,1,0,0,0,1,0,0,1,0
132,132,1,33,88.0,doctorate,right,1.0,0,1,0,0,1,0,0,1,0,0,0,1,0,1,1,0,0,0,0
133,133,1,35,41.0,graduateSchool,none,0.0,0,0,0,1,1,0,1,0,0,0,0,0,0,0,0,0,0,1,1
134,134,1,39,76.0,none,centreRight,1.0,1,0,0,0,0,0,0,0,0,0,0,1,0,1,0,0,1,0,0
135,135,1,4,45.0,NA,left,0.0,0,0,0,1,0,0,0,0,0,0,0,1,0,1,0,0,0,0,0
137,137,1,13,119.0,graduateSchool,centre,0.0,1,1,0,0,0,0,1,0,0,0,0,0,0,0,0,0,1,0,0
138,138,1,14,77.0,NA,left,1.0,1,0,1,0,0,1,0,0,0,0,0,0,0,1,0,0,1,0,0
139,139,1,89,101.0,none,left,0.0,1,0,1,0,0,0,0,1,0,0,0,0,0,0,0,0,0,1,0
140,140,1,97,52.0,secondary,centreLeft,1.0,0,1,1,0,0,0,0,0,0,0,1,0,1,0,0,1,0,0,0
142,142,1,74,121.0,communityCollege,centreRight,1.0,0,1,0,0,0,0,0,1,0,0,0,0,0,0,0,0,1,1,0
143,143,1,97,125.0,none,none,0.0,0,0,1,0,1,0,0,1,0,0,1,0,1,0,1,0,0,0,0
145,145,1,20,81.0,none,,1.0,0,0,1,1,0,1,0,0,0,0,0,0,0,0,0,0,0,1,0
146,146,1,52,71.0,undergrad,centre,1.0,1,1,0,0,0,0,0,0,0,1,0,0,1,0,0,1,0,0,0
147,147,1,5,56.0,highSchool,,0.0,0,0,1,1,0,0,0,0,0,0,1,0,0,0,0,1,0,1,0
150,150,1,86,38.0,communityCollege,none,0.0,0,1,0,1,0,0,0,0,0,1,1,0,1,1,0,0,0,0,0
151,151,1,89,124.0,NA,centreLeft,1.0,0,1,0,0,0,1,1,0,0,0,0,0,0,0,0,1,0,1,0
152,152,1,59,64.0,doctorate,none,1.0,0,0,1,0,0,0,0,0,0,0,1,1,0,0,0,0,0,0,1
153,153,1,90,118.0,doctorate,centre,0.0,1,0,0,1,0,0,1,0,0,1,0,0,1,0,1,0,0,0,0
154,154,1,92,66.0,graduateSchool,centre,0.0,0,0,1,0,0,0,0,0,0,0,0,1,0,1,0,0,0,0,0
155,155,1,9,31.0,NA,centreLeft,0.0,1,0,1,0,0,0,0,1,1,0,0,0,1,0,0,0,0,0,0
157,157,1,83,62.0,NA,centreLeft,0.0,0,1,0,0,0,0,1,0,0,0,0,0,0,0,1,0,0,1,0
159,159,1,7,47.0,NA,left,0.0,0,0,1,0,0,0,0,0,1,0,0,1,0,1,0,0,0,0,0
160,160,1,19,34.0,highSchool,centreRight,0.0,0,1,1,0,0,1,0,0,0,0,1,0,0,0,0,1,0,1,0
161,161,1,9,70.0,NA,left,1.0,0,0,0,1,1,0,0,0,0,0,0,1,0,0,0,0,1,1,0
164,164,1,29,87.0,communityCollege,right,1.0,1,0,0,0,0,1,0,1,0,0,0,0,0,0,1,0,0,0,1
165,165,1,5,138.0,highSchool,left,0.0,1,1,0,0,0,0,0,0,1,0,0,0,0,1,1,0,0,0,0
166,166,1,56,134.0,doctorate,centre,1.0,0,0,0,1,0,0,0,1,0,0,0,0,0,0,0,1,0,0,0
167,167,1,63,38.0,communityCollege,none,1.0,1,0,1,0,0,0,0,0,1,0,1,0,0,0,0,0,0,0,1
168,168,1,86,87.0,graduateSchool,none,0.0,1,0,0,0,1,1,1,0,0,0,0,0,0,0,0,1,1,0,0
169,169,1,96,42.0,none,left,1.0,1,0,0,1,0,0,0,0,1,1,0,0,0,0,0,1,0,1,0
170,170,1,71,111.0,graduateSchool,centreRight,1.0,1,1,0,0,0,0,1,0,1,0,0,0,0,1,1,0,0,0,0
171,171,1,30,65.0,highSchool,,1.0,0,0,1,0,1,0,0,0,1,0,0,1,0,0,0,1,0,0,0
172,172,1,96,63.0,NA,left,0.0,0,0,1,0,0,0,1,0,0,0,0,1,0,0,0,1,0,1,0
173,173,1,93,118.0,communityCollege,left,1.0,0,0,0,1,1,0,0,1,0,0,0,0,0,0,0,0,0,1,1
176,176,1,65,27.0,doctorate,,1.0,0,1,0,0,0,0,0,0,0,0,1,0,0,0,0,0,0,1,0
177,177,1,24,139.0,secondary,right,0.0,0,0,0,1,0,0,0,1,1,0,0,0,0,1,1,0,0,0,0
178,178,1,13,99.0,highSchool,centre,0.0,0,0,0,0,1,0,0,0,0,1,0,0,0,1,1,0,0,0,0
179,179,1,41,112.0,doctorate,centreLeft,1.0,0,0,0,0,0,0,0,0,0,0,1,0,1,0,1,0,0,0,0
181,181,1,58,73.0,doctorate,centre,0.0,0,0,1,0,0,0,0,0,0,1,0,0,0,0,1,0,0,0,1
184,184,1,24,107.0,doctorate,right,0.0,0,0,0,0,1,0,1,0,0,0,0,0,0,1,0,0,1,0,0
185,185,1,91,67.0,doctorate,right,1.0,0,1,0,0,1,0,0,0,1,0,0,1,0,1,0,0,0,0,1
186,186,1,55,130.0,highSchool,none,0.0,0,1,0,0,0,0,0,0,1,0,0,1,0,1,0,0,0,0,0
188,188,1,90,130.0,doctorate,centre,1.0,0,0,0,0,0,0,0,0,0,0,0,1,1,0,1,0,0,0,0
189,189,1,68,72.0,NA,centre,0.0,0,0,1,0,0,1,0,0,0,0,0,0,0,0,0,1,0,1,0
190,190,1,64,114.0,none,none,0.0,0,0,0,0,1,0,0,0,0,0,1,1,0,1,0,0,0,0,1
191,191,1,69,45.0,doctorate,centreLeft,1.0,0,0,0,0,0,0,1,0,0,0,0,1,1,0,0,0,0,0,0
192,192,1,78,76.0,undergrad,right,1.0,0,1,0,1,0,0,1,0,0,0,0,0,0,0,0,0,1,0,0
193,193,1,15,111.0,secondary,centre,1.0,1,0,0,0,1,0,0,1,1,0,0,0,1,0,0,0,0,0,0
194,194,1,58,114.0,secondary,,0.0,0,0,1,0,0,0,0,0,0,1,1,0,0,0,0,0,1,0,0
195,195,1,19,88.0,doctorate,centreRight,1.0,0,0,0,0,1,1,0,1,0,0,0,0,0,0,1,1,0,0,0
196,196,1,1,111.0,none,none,1.0,0,1,0,0,0,0,0,1,1,0,0,0,1,0,0,0,0,0,0
197,197,1,89,71.0,secondary,right,1.0,0,1,0,1,0,1,0,0,0,0,1,0,0,0,0,0,0,1,1
198,198,1,6,20.0,secondary,none,1.0,0,0,1,0,0,1,0,0,0,1,0,0,0,0,0,0,1,1,0
199,199,1,13,34.0,undergrad,centre,1.0,0,1,1,0,0,0,0,1,0,0,1,0,0,1,0,0,0,0,1
200,200,1,3,100.0,communityCollege,left,1.0,0,1,0,0,0,0,0,1,0,0,0,0,0,1,0,0,0,0,0
201,201,1,16,55.0,graduateSchool,centreLeft,1.0,0,0,0,0,1,0,0,0,1,0,0,0,0,0,0,0,1,1,0
203,203,1,41,147.0,secondary,left,1.0,0,1,0,0,0,0,0,1,0,1,0,0,1,0,0,0,0,0,0
204,204,1,71,22.0,doctorate,none,0.0,0,0,1,1,0,0,1,0,0,0,0,0,1,0,0,0,0,0,0
205,205,1,52,61.0,highSchool,centreRight,1.0,0,0,0,0,1,0,0,0,0,0,1,0,0,0,0,0,1,0,0
206,206,1,38,121.0,communityCollege,right,1.0,0,1,0,1,0,0,1,0,0,0,0,0,0,0,0,1,0,0,1
207,207,1,13,77.0,secondary,,0.0,0,0,1,0,0,0,0,0,0,0,0,1,1,0,0,0,1,0,0
208,208,1,90,142.0,none,left,1.0,0,0,0,1,1,0,0,0,0,1,0,1,0,0,0,1,0,0,0
209,209,1,28,103.0,NA,centreRight,1.0,1,1,0,0,0,0,0,1,1,0,0,0,0,0,0,1,0,0,1
210,210,1,29,20.0,secondary,centre,,0,0,0,0,1,0,0,0,0,0,0,0,0,0,0,0,1,0,0
211,211,1,80,53.0,secondary,centreLeft,1.0,0,0,1,1,0,0,0,0,0,0,1,0,0,0,0,0,1,0,0
213,213,1,98,18.0,NA,left,0.0,0,1,0,0,0,1,0,0,0,0,0,0,1,0,0,0,0,0,0
214,214,1,6,133.0,,left,1.0,1,0,0,1,0,0,0,0,0,0,1,1,1,0,0,0,1,0,0
215,215,1,69,62.0,highSchool,none,1.0,1,0,0,1,0,0,0,0,0,1,0,0,0,0,0,1,0,0,1
216,216,1,19,138.0,doctorate,centreLeft,0.0,0,1,1,0,0,0,0,0,1,0,0,0,0,0,1,1,0,0,0
217,217,1,79,137.0,doctorate,none,0.0,0,0,0,1,0,0,1,0,0,0,0,0,1,1,0,0,0,0,0
218,218,1,99,61.0,doctorate,,1.0,1,0,0,0,1,0,0,0,0,0,1,0,0,0,0,1,0,1,0
219,219,1,45,138.0,none,none,0.0,0,0,0,1,1,0,0,0,0,0,1,0,0,0,0,1,0,0,0
220,220,1,9,135.0,doctorate,left,1.0,1,0,0,0,1,0,0,1,0,0,0,0,0,0,0,1,1,0,0
221,221,1,2,107.0,NA,centre,1.0,0,0,0,1,0,0,0,0,0,0,0,1,0,0,0,0,1,0,0
222,222,1,96,110.0,graduateSchool,right,1.0,0,1,0,1,0,1,0,0,0,0,1,0,1,0,0,0,1,0,0
223,223,1,53,32.0,none,none,0.0,0,1,0,0,0,0,0,0,0,0,1,0,1,0,0,0,0,0,1
224,224,1,97,129.0,graduateSchool,none,0.0,1,0,0,1,0,0,0,0,1,0,0,0,0,0,0,1,0,0,0
225,225,1,68,66.0,secondary,left,0.0,0,1,0,0,0,0,0,1,0,1,0,0,0,0,0,1,0,0,0
228,228,1,32,131.0,doctorate,none,1.0,0,0,0,0,1,1,0,0,0,0,0,0,0,0,0,0,0,0,1
229,229,1,61,52.0,none,centre,1.0,1,0,0,0,1,1,0,0,1,0,0,0,0,0,0,0,0,0,1
230,230,1,75,122.0,secondary,right,1.0,1,0,0,0,1,0,1,0,0,0,1,0,0,0,0,1,0,0,1
231,231,1,1,40.0,secondary,,0.0,0,0,1,0,0,0,0,1,0,0,0,0,0,1,0,0,1,0,0
232,232,1,84,134.0,communityCollege,left,1.0,0,0,1,0,1,0,0,0,0,0,1,0,0,0,0,0,0,0,1
233,233,1,37,56.0,doctorate,left,0.0,1,1,0,0,0,0,0,0,0,1,1,0,0,1,0,0,0,0,0
234,234,1,76,147.0,secondary,centre,1.0,0,1,1,0,0,0,0,0,0,0,1,0,0,0,0,0,0,0,1
236,236,1,26,47.0,communityCollege,,1.0,0,0,0,0,1,0,0,1,0,0,0,1,0,0,1,0,0,1,0
237,237,1,18,92.0,undergrad,centreLeft,0.0,0,0,0,1,0,0,0,1,0,1,0,0,0,1,0,0,0,1,0
238,238,1,20,31.0,communityCollege,none,0.0,0,0,0,1,0,0,1,0,0,0,0,0,0,0,0,1,0,0,0
239,239,1,69,141.0,graduateSchool,left,1.0,0,1,0,0,0,1,1,0,0,0,0,0,0,0,0,0,0,0,1
240,240,1,41,98.0,highSchool,centreLeft,0.0,0,1,0,0,0,1,0,0,1,0,0,0,0,0,0,1,0,0,0
241,241,1,17,26.0,doctorate,right,1.0,1,0,0,1,0,1,0,0,1,0,0,0,0,0,0,0,1,0,0
243,243,1,9,134.0,secondary,centreLeft,0.0,0,0,0,1,0,0,0,0,0,1,0,0,0,0,0,0,1,1,0
244,244,1,37,36.0,highSchool,centreLeft,1.0,0,0,0,0,0,0,0,1,0,1,0,0,0,0,0,1,0,0,1
245,245,1,11,41.0,none,centreLeft,0.0,0,0,1,1,0,0,0,1,0,0,0,0,1,0,0,0,0,0,1
246,246,1,18,118.0,communityCollege,centreLeft,1.0,1,0,0,0,0,0,0,0,1,1,0,0,0,0,0,0,0,1,0
247,247,1,11,147.0,secondary,centre,1.0,1,0,0,0,1,0,1,0,0,0,0,0,0,1,0,0,0,1,0
248,248,1,79,135.0,NA,none,1.0,0,1,0,0,0,1,0,0,0,1,0,0,0,0,0,0,0,0,1
249,249,1,63,133.0,graduateSchool,left,1.0,0,1,0,0,1,0,1,0,0,0,0,1,0,1,0,0,0,0,1
250,250,1,18,18.0,undergrad,centreRight,0.0,1,0,1,0,0,0,0,0,0,1,0,0,0,0,0,0,0,0,1
251,251,1,100,144.0,highSchool,none,0.0,0,0,0,0,0,1,1,0,0,0,0,0,0,0,0,0,1,0,0
253,253,1,82,114.0,undergrad,centreLeft,0.0,0,1,0,0,1,1,0,0,1,0,0,0,1,0,0,0,0,0,1
254,254,1,7,136.0,communityCollege,centreRight,0.0,0,1,0,0,0,0,0,1,0,0,1,0,0,1,0,0,1,0,0
256,256,1,79,103.0,doctorate,centreLeft,1.0,0,0,1,0,1,0,0,0,0,0,0,1,1,0,0,0,0,0,0
257,257,1,36,141.0,doctorate,,1.0,0,1,0,0,1,0,1,0,0,1,0,0,0,0,0,0,1,0,1
259,259,1,42,135.0,graduateSchool,centre,0.0,1,1,0,0,0,1,0,0,1,0,0,0,1,0,0,0,0,0,0
260,260,1,87,113.0,highSchool,left,1.0,0,0,1,0,0,1,0,0,1,0,0,0,0,0,0,1,0,0,0
261,261,1,19,19.0,NA,right,1.0,0,1,1,0,0,0,0,0,0,0,0,1,0,0,0,0,0,1,0
262,262,1,30,35.0,undergrad,centre,0.0,0,1,1,0,0,0,0,0,0,1,0,0,0,0,0,0,0,1,0
263,263,1,41,143.0,highSchool,left,0.0,0,0,1,0,0,1,0,0,0,0,0,0,0,0,0,0,1,0,0
265,265,1,62,130.0,doctorate,centreRight,0.0,1,0,0,0,0,0,0,1,0,0,0,0,1,0,0,0,0,1,0
266,266,1,68,46.0,none,centreLeft,1.0,0,1,0,0,1,1,0,0,0,0,0,0,1,0,1,0,0,0,0
267,267,1,45,107.0,none,centreLeft,0.0,0,1,0,0,0,1,1,0,0,0,0,0,0,0,0,0,0,1,0
268,268,1,20,27.0,highSchool,centreRight,1.0,0,0,1,1,0,0,0,0,1,0,0,1,0,0,1,0,1,0,0
269,269,1,84,90.0,secondary,centreLeft,0.0,0,0,1,1,0,1,1,0,0,0,0,0,0,0,0,0,1,0,0
271,271,1,58,106.0,none,centreLeft,1.0,1,0,0,0,1,0,0,1,1,0,0,0,0,1,0,0,0,0,0
272,272,1,82,125.0,none,centreRight,0.0,1,0,0,0,0,0,0,0,1,0,1,0,0,1,0,0,0,0,0
273,273,1,36,68.0,communityCollege,centreRight,1.0,0,0,0,1,0,1,0,0,0,1,0,0,0,0,1,0,0,1,0
274,274,1,73,138.0,graduateSchool,centre,1.0,0,0,1,1,0,1,0,0,0,0,0,0,0,0,0,1,0,1,0
275,275,1,7,37.0,graduateSchool,left,1.0,0,0,1,0,1,1,1,0,0,0,0,0,1,0,0,1,0,0,0
278,278,1,36,19.0,doctorate,left,1.0,0,1,0,1,0,0,0,0,0,1,1,0,1,0,0,0,0,0,0
279,279,1,14,105.0,none,,1.0,1,0,0,1,0,0,0,0,0,0,0,1,0,0,0,1,0,0,1
280,280,1,91,127.0,doctorate,centreRight,1.0,0,0,1,0,0,0,0,0,0,1,0,0,0,0,1,0,1,0,0
282,282,1,9,38.0,,right,0.0,0,0,1,0,0,1,0,0,1,0,0,0,0,0,0,0,1,0,1
283,283,1,45,108.0,undergrad,,1.0,0,0,0,1,0,1,0,0,0,0,0,0,0,1,0,0,0,0,0
284,284,1,11,57.0,graduateSchool,centre,0.0,1,0,0,0,0,0,0,1,0,0,1,0,1,0,0,0,0,0,0
285,285,1,78,27.0,communityCollege,left,0.0,0,0,0,1,0,0,0,0,1,0,0,0,0,1,0,0,0,0,0
286,286,1,89,98.0,secondary,left,1.0,0,1,0,0,0,0,0,1,1,0,0,0,0,0,0,1,0,0,0
287,287,1,24,112.0,graduateSchool,centre,0.0,1,1,0,0,0,0,0,0,0,1,0,1,0,0,0,0,1,0,1
288,288,1,45,135.0,doctorate,right,1.0,1,1,0,0,0,0,0,0,0,1,0,1,0,1,0,0,0,0,0
289,289,1,41,40.0,doctorate,right,1.0,0,0,1,0,1,0,0,0,1,0,0,0,0,0,1,1,0,0,0
291,291,1,43,109.0,none,centre,0.0,0,0,0,0,1,0,0,1,0,0,0,0,0,1,0,1,0,0,0
292,292,1,11,40.0,doctorate,left,0.0,0,0,1,0,1,0,0,0,0,0,1,0,0,0,0,1,0,0,0
293,293,1,51,134.0,graduateSchool,none,0.0,1,0,0,0,1,0,0,0,0,1,1,0,0,0,0,0,0,1,0
294,294,1,26,75.0,communityCollege,left,1.0,0,0,1,0,1,0,1,0,0,0,0,0,0,1,0,0,0,0,1
295,295,1,75,39.0,graduateSchool,centreLeft,1.0,0,1,0,0,1,0,0,0,0,1,0,0,1,0,0,1,0,0,0
296,296,1,6,149.0,communityCollege,right,1.0,0,0,1,0,0,0,0,0,1,0,0,1,1,0,0,0,0,1,0
297,297,1,99,18.0,secondary,centreLeft,1.0,0,0,0,0,1,1,0,0,0,0,1,0,0,0,1,0,0,0,1
299,299,1,34,146.0,secondary,right,0.0,1,0,0,0,0,1,1,0,0,0,0,0,0,0,0,0,1,1,0
301,301,1,43,145.0,,none,0.0,1,0,0,0,1,0,0,0,1,0,0,0,1,0,0,1,0,0,0
302,302,1,3,24.0,,left,0.0,0,1,1,0,0,1,0,1,0,0,0,0,0,0,0,0,1,0,1
305,305,1,50,74.0,secondary,centre,1.0,1,0,0,0,1,0,0,0,1,0,0,1,1,1,0,0,0,0,0
306,306,1,59,53.0,,centre,0.0,1,0,0,0,1,0,1,0,0,0,0,0,0,1,0,1,0,0,0
309,309,1,27,133.0,undergrad,centreRight,1.0,0,0,0,0,1,1,1,0,0,0,0,0,0,0,0,0,0,0,1
310,310,1,8,23.0,graduateSchool,centreRight,1.0,0,0,0,0,1,0,0,0,0,1,0,1,1,0,0,1,0,0,0
311,311,1,31,120.0,none,centreRight,0.0,0,0,1,0,0,0,0,0,0,1,0,1,1,0,0,0,0,0,0
312,312,1,30,108.0,graduateSchool,centre,0.0,0,0,1,1,0,0,0,0,0,0,1,0,0,1,0,0,0,0,0
313,313,1,47,140.0,NA,right,1.0,1,0,0,0,0,0,0,0,0,0,1,1,1,0,0,0,0,0,0
314,314,1,84,39.0,secondary,right,0.0,0,0,0,1,0,0,1,0,0,0,0,1,0,0,0,0,0,0,1
315,315,1,81,128.0,graduateSchool,left,0.0,0,0,1,0,0,0,0,0,0,1,0,0,0,0,0,0,0,1,0
316,316,1,52,23.0,doctorate,centreRight,1.0,0,0,1,1,0,0,0,0,1,1,0,0,1,1,0,0,0,0,0
317,317,1,49,62.0,secondary,centreRight,0.0,0,1,0,0,0,0,0,1,0,0,0,0,1,1,0,0,0,0,0
318,318,1,11,66.0,doctorate,right,1.0,0,0,1,0,1,0,0,1,0,0,0,0,0,0,0,0,1,0,0
323,323,1,76,41.0,undergrad,centre,0.0,0,0,1,1,0,0,0,0,0,0,0,1,0,0,0,0,0,0,1
324,324,1,76,23.0,graduateSchool,centre,1.0,0,0,0,1,0,1,0,0,0,0,0,0,1,0,0,0,0,1,0
325,325,1,20,34.0,undergrad,centre,1.0,0,0,1,1,0,0,0,0,1,0,0,0,0,1,0,0,1,0,0
326,326,1,90,112.0,communityCollege,right,1.0,0,0,0,1,0,1,0,1,0,0,0,0,1,0,0,0,0,1,0
327,327,1,12,124.0,secondary,centreLeft,1.0,0,1,0,0,1,0,1,0,0,0,0,0,0,0,0,1,0,0,1
328,328,1,79,108.0,secondary,left,1.0,0,0,0,1,0,1,0,0,0,0,0,0,0,1,0,0,0,0,0
329,329,1,37,87.0,NA,centreLeft,1.0,0,0,1,0,0,1,0,0,1,0,0,0,0,0,0,1,0,0,0
330,330,1,89,123.0,communityCollege,centreLeft,1.0,0,0,1,1,0,0,1,0,0,0,0,1,1,1,0,0,0,0,0
331,331,1,9,64.0,NA,centreRight,0.0,0,0,0,0,1,0,0,0,0,1,1,0,0,1,0,0,1,0,0
332,332,1,98,52.0,graduateSchool,centre,0.0,0,0,0,0,0,0,0,0,0,0,1,0,1,0,0,0,0,0,0
333,333,1,14,81.0,undergrad,centre,1.0,0,1,0,0,1,0,1,1,0,0,0,0,0,1,1,0,0,0,0
334,334,1,68,96.0,graduateSchool,centre,0.0,1,0,0,0,0,0,0,1,0,0,0,0,0,0,1,0,0,0,1
335,335,1,14,83.0,communityCollege,centreLeft,0.0,1,0,0,0,0,0,0,1,0,0,0,0,0,0,0,0,0,1,0
337,337,1,9,127.0,graduateSchool,centre,1.0,0,0,1,0,0,0,0,1,0,1,0,0,0,1,0,0,0,0,1
338,338,1,31,104.0,graduateSchool,centre,1.0,1,1,0,0,0,1,0,0,0,0,0,1,0,0,0,1,0,0,0
339,339,1,18,88.0,secondary,centre,1.0,0,1,0,0,0,0,1,0,0,0,0,0,0,1,0,0,0,0,1
340,340,1,81,144.0,undergrad,,1.0,0,0,1,0,0,1,0,1,0,0,0,0,0,0,1,0,0,1,0
341,341,1,4,89.0,secondary,centreRight,1.0,0,0,0,0,0,1,0,0,0,0,0,0,0,0,1,0,1,0,0
343,343,1,6,38.0,highSchool,none,1.0,1,0,1,0,0,1,0,0,0,0,0,0,0,1,0,0,0,0,1
344,344,1,25,53.0,secondary,left,0.0,0,0,0,1,0,1,0,0,1,0,0,0,1,0,0,0,0,0,0
345,345,1,82,48.0,none,centreLeft,0.0,1,0,0,1,0,0,1,0,0,1,0,0,0,0,0,1,0,0,1
346,346,1,68,97.0,doctorate,centreRight,1.0,0,0,1,1,0,0,1,0,0,0,0,1,0,0,0,1,0,0,0
347,347,1,75,42.0,,centreRight,1.0,0,0,1,0,0,0,0,0,0,0,1,1,0,0,0,1,0,0,0
348,348,1,94,77.0,highSchool,centreRight,1.0,0,1,0,0,1,0,0,0,0,1,0,0,0,0,0,1,0,0,0
349,349,1,64,59.0,,none,1.0,1,0,0,0,1,0,1,1,0,0,0,0,0,0,0,0,1,0,1
350,350,1,65,33.0,highSchool,none,1.0,0,1,1,0,0,0,0,1,0,0,0,1,0,0,0,1,0,0,0
352,352,1,2,72.0,NA,left,1.0,0,0,0,1,1,0,0,0,0,1,0,0,0,1,0,1,0,0,0
353,353,1,91,53.0,highSchool,centreRight,0.0,1,0,0,0,0,0,1,0,0,0,1,0,0,0,0,1,0,0,0
354,354,1,52,76.0,secondary,left,0.0,0,0,1,1,0,0,0,0,0,1,0,0,1,0,0,1,0,0,0
355,355,1,13,58.0,highSchool,,0.0,1,0,0,0,1,0,0,0,0,1,0,0,0,1,0,0,0,0,1
356,356,1,67,136.0,none,centreRight,1.0,0,0,0,0,1,0,0,0,1,0,0,0,0,1,0,0,0,1,0
357,357,1,83,85.0,doctorate,centreRight,0.0,1,0,1,0,0,0,0,0,0,0,1,0,0,1,0,1,0,0,0
359,359,1,10,81.0,secondary,centreRight,1.0,0,1,0,0,0,1,0,0,0,0,1,0,1,0,0,0,1,0,0
360,360,1,39,34.0,none,right,0.0,0,0,0,1,1,1,0,0,0,1,0,0,0,0,1,1,0,0,0
362,362,1,19,82.0,doctorate,centreRight,1.0,0,0,0,1,1,0,0,1,1,0,0,0,0,0,0,0,1,0,0
363,363,1,83,54.0,communityCollege,none,1.0,0,0,1,0,0,0,0,1,0,0,0,0,0,0,1,1,0,0,0
364,364,1,94,121.0,NA,right,0.0,0,1,0,1,0,0,0,0,0,0,1,0,0,0,0,0,1,0,0
365,365,1,13,111.0,undergrad,centreRight,0.0,1,0,0,0,1,0,0,0,0,1,0,0,1,0,1,0,0,0,0
366,366,1,99,102.0,graduateSchool,centreRight,0.0,0,0,1,0,1,0,0,0,0,1,1,0,1,0,0,0,0,0,0
367,367,1,34,29.0,graduateSchool,left,0.0,1,1,0,0,0,0,0,0,0,0,1,0,0,0,0,1,0,0,0
368,368,1,63,133.0,secondary,,0.0,0,0,1,0,1,0,0,0,0,1,0,1,0,0,0,0,0,0,1
369,369,1,41,77.0,graduateSchool,centreRight,0.0,0,1,0,0,0,0,0,0,0,1,0,1,0,0,0,0,1,0,0
370,370,1,65,72.0,none,right,0.0,0,0,0,0,0,0,0,1,0,0,0,0,0,0,0,0,1,0,1
371,371,1,33,65.0,graduateSchool,centreRight,0.0,0,1,1,0,0,1,0,0,0,0,0,0,0,0,1,0,1,0,0
372,372,1,26,103.0,highSchool,centreRight,1.0,0,0,1,1,0,0,0,0,0,0,0,1,0,1,0,0,0,0,0
373,373,1,13,84.0,highSchool,none,0.0,0,1,1,0,0,0,0,0,1,1,0,0,0,0,0,0,1,0,1
374,374,1,5,22.0,NA,right,0.0,0,0,0,1,0,0,0,0,1,0,0,0,1,1,0,0,0,0,0
375,375,1,10,40.0,graduateSchool,left,1.0,0,0,0,1,0,0,1,0,0,1,0,0,0,1,0,0,0,0,1
377,377,1,39,108.0,highSchool,none,1.0,0,0,1,0,1,0,0,1,0,0,0,1,0,1,0,0,0,0,0
378,378,1,19,119.0,doctorate,right,0.0,0,0,0,0,1,1,0,1,0,0,0,0,0,0,0,0,1,0,0
379,379,1,35,25.0,secondary,centreLeft,1.0,0,0,0,0,1,1,1,0,0,0,0,0,0,0,0,0,0,1,0
381,381,1,8,94.0,doctorate,centreRight,1.0,0,0,0,0,0,0,1,0,0,0,0,1,0,0,0,0,0,0,1
382,382,1,40,95.0,NA,none,1.0,0,0,1,0,1,1,0,0,0,0,0,0,0,0,1,0,1,0,0
383,383,1,31,30.0,undergrad,none,0.0,1,0,1,0,0,0,0,1,0,0,0,0,0,0,0,1,0,0,0
384,384,1,25,18.0,graduateSchool,centreRight,0.0,0,1,0,0,0,0,0,1,0,0,1,0,0,0,0,1,0,0,0
385,385,1,77,115.0,NA,,1.0,0,0,0,0,1,0,0,0,1,0,0,0,1,0,0,0,0,0,0
386,386,1,73,72.0,highSchool,centre,0.0,1,0,0,0,0,0,0,0,1,1,0,0,0,0,0,0,1,0,1
387,387,1,3,121.0,none,none,0.0,0,1,0,1,0,1,0,0,1,0,0,0,1,0,1,0,0,0,0
388,388,1,32,125.0,undergrad,,0.0,0,1,0,0,0,0,1,0,1,0,0,0,0,1,0,0,0,0,0
389,389,1,3,75.0,secondary,none,1.0,0,0,0,0,0,0,0,0,1,1,0,0,0,0,0,0,1,0,1
390,390,1,94,96.0,secondary,,0.0,0,1,1,0,0,0,1,0,0,1,0,0,1,0,0,1,0,0,0
391,391,1,27,29.0,NA,centreRight,0.0,1,0,0,0,0,0,0,1,0,1,0,0,1,0,0,0,1,0,0
393,393,1,51,119.0,graduateSchool,none,0.0,0,1,1,0,0,0,1,0,0,0,0,1,1,1,0,0,0,0,0
394,394,1,52,128.0,graduateSchool,right,0.0,1,0,0,1,0,0,0,0,0,1,0,0,1,0,0,0,0,0,0
395,395,1,23,73.0,graduateSchool,centreLeft,1.0,0,0,0,1,0,0,1,0,0,0,1,0,0,0,0,0,0,0,1
396,396,1,52,78.0,graduateSchool,centreRight,0.0,1,0,1,0,0,0,1,0,0,1,0,0,0,0,0,0,1,0,1
398,398,1,25,45.0,NA,centre,1.0,0,0,1,0,0,1,1,0,0,0,0,0,0,0,0,1,0,0,1
399,399,1,35,32.0,highSchool,centreRight,1.0,1,0,1,0,0,1,0,0,0,0,0,0,1,0,0,1,0,0,0
400,400,1,57,101.0,graduateSchool,centreRight,1.0,0,0,1,0,0,0,0,0,1,1,0,0,0,0,1,0,0,0,1
401,401,1,4,129.0,graduateSchool,left,1.0,0,0,0,0,0,0,0,0,1,0,0,0,1,0,0,0,0,0,0
402,402,1,16,106.0,doctorate,right,0.0,0,0,0,1,0,0,0,1,0,0,0,0,0,1,0,0,0,0,0
403,403,1,89,55.0,NA,left,1.0,1,0,0,0,0,0,0,0,0,0,1,0,0,0,0,1,0,1,0
404,404,1,43,68.0,doctorate,centreLeft,1.0,0,0,0,1,0,0,1,0,0,0,0,0,0,0,0,1,0,0,0
406,406,1,12,31.0,doctorate,,1.0,0,0,0,0,0,0,0,1,0,0,0,0,1,0,0,0,1,0,0
407,407,1,66,118.0,undergrad,right,,0,0,0,0,1,0,0,0,0,0,0,0,0,0,1,0,0,0,1
409,409,1,98,94.0,communityCollege,none,1.0,0,1,1,0,0,0,0,0,0,0,1,1,0,0,1,0,0,0,1
411,411,1,23,83.0,graduateSchool,left,0.0,1,0,0,0,0,0,0,0,0,1,0,0,1,0,0,0,0,0,0
412,412,1,4,93.0,none,centreRight,0.0,0,1,0,1,0,0,0,0,0,1,0,0,0,1,0,0,0,0,0
413,413,1,64,133.0,graduateSchool,none,0.0,1,0,1,0,0,0,0,0,1,0,0,0,0,1,0,0,0,1,0
414,414,1,19,142.0,highSchool,centreRight,0.0,0,1,0,0,0,0,0,0,0,0,1,0,1,0,0,0,0,1,0
415,415,1,10,149.0,highSchool,none,1.0,0,1,0,0,0,0,0,0,0,0,0,1,0,1,1,0,0,0,0
416,416,1,57,101.0,highSchool,left,0.0,0,0,1,0,0,1,0,0,0,0,1,0,1,0,0,0,0,1,0
419,419,1,95,49.0,graduateSchool,centre,0.0,0,0,1,0,0,0,0,0,0,1,0,0,1,0,0,0,0,1,0
421,421,1,66,107.0,doctorate,centreRight,1.0,0,1,0,1,0,0,1,0,0,0,1,0,1,0,1,0,0,0,0
422,422,1,82,33.0,highSchool,right,0.0,0,0,1,0,0,0,0,1,0,1,0,0,0,0,0,0,1,0,0
423,423,1,60,39.0,doctorate,right,1.0,0,0,0,1,1,0,0,0,1,0,1,0,1,0,0,0,0,0,1
424,424,1,89,26.0,graduateSchool,centreRight,0.0,0,0,1,0,0,0,0,0,0,0,1,0,0,1,1,0,0,0,0
426,426,1,74,112.0,none,right,1.0,0,0,1,0,1,0,0,0,1,0,1,0,0,0,0,1,1,0,0
427,427,1,19,138.0,,left,1.0,1,0,0,0,0,0,0,0,1,0,0,0,0,0,0,0,0,0,1
428,428,1,7,117.0,,centreLeft,0.0,0,1,0,0,0,0,0,0,0,0,0,1,0,0,0,0,1,0,0
429,429,1,9,81.0,,left,0.0,1,0,0,0,1,0,1,0,0,0,1,0,0,0,0,0,0,1,0
430,430,1,98,99.0,communityCollege,centreRight,1.0,0,1,0,0,0,1,0,1,0,0,0,0,0,0,0,1,1,0,0
432,432,1,29,139.0,highSchool,left,1.0,1,0,0,0,1,0,0,0,0,0,1,1,1,0,1,0,0,0,0
433,433,1,16,124.0,doctorate,left,0.0,0,1,0,1,0,0,0,0,1,0,0,0,0,0,0,1,0,0,0
434,434,1,48,113.0,,centreLeft,1.0,0,1,0,0,0,0,0,1,0,0,0,0,0,1,1,0,0,0,0
435,435,1,94,25.0,none,centre,0.0,1,0,0,0,1,1,0,1,0,0,0,0,0,0,0,0,0,1,1
436,436,1,81,109.0,graduateSchool,centreLeft,,0,1,1,0,0,0,0,0,0,0,0,0,0,0,1,0,0,0,1
437,437,1,1,69.0,graduateSchool,centreLeft,0.0,0,0,1,0,0,0,0,0,0,1,0,0,0,0,0,0,0,0,1
438,438,1,28,117.0,NA,right,,1,0,0,0,1,0,0,0,0,0,0,0,1,0,0,1,0,0,0
439,439,1,37,61.0,doctorate,left,0.0,0,0,0,1,0,0,0,0,0,1,0,0,0,0,0,1,0,0,0
441,441,1,4,68.0,communityCollege,centre,0.0,0,0,0,1,0,0,0,0,0,1,0,0,0,0,0,1,0,0,0
442,442,1,17,46.0,communityCollege,centre,1.0,0,1,0,0,1,0,1,0,0,0,0,1,0,1,0,0,0,1,0
443,443,1,61,103.0,undergrad,centre,0.0,0,0,1,0,1,0,0,0,0,1,0,0,0,1,0,0,0,0,1
444,444,1,52,18.0,highSchool,,0.0,0,1,1,0,0,0,0,0,0,0,1,0,0,0,0,0,0,1,1
445,445,1,12,25.0,secondary,none,0.0,0,1,0,0,1,0,0,0,0,1,0,1,0,0,0,0,1,0,0
446,446,1,77,58.0,undergrad,centre,1.0,0,1,0,0,1,0,0,0,0,0,0,1,1,0,0,0,0,0,1
447,447,1,8,149.0,none,centreLeft,0.0,1,0,0,0,0,0,0,1,0,0,0,0,0,1,0,0,0,0,0
448,448,1,92,115.0,NA,none,1.0,0,1,0,0,0,1,0,0,0,0,0,0,0,0,0,0,1,0,0
450,450,1,93,61.0,,centreLeft,1.0,0,0,0,1,0,1,1,0,0,0,0,0,0,0,0,0,0,0,1
451,451,1,48,95.0,highSchool,centre,1.0,1,1,0,0,0,0,0,1,0,0,0,1,1,0,0,0,0,1,0
452,452,1,1,22.0,secondary,,0.0,0,0,1,0,0,1,0,0,0,0,0,1,0,1,0,1,0,0,0
454,454,1,9,130.0,undergrad,centre,0.0,0,0,0,1,1,0,0,0,0,1,1,0,1,0,0,0,0,1,0
455,455,1,3,43.0,none,centreLeft,1.0,0,1,0,0,1,0,0,1,0,0,0,1,0,0,0,0,0,0,1
456,456,1,58,107.0,graduateSchool,centreRight,0.0,0,1,1,0,0,0,0,0,1,1,0,0,0,1,0,0,0,1,0
457,457,1,46,25.0,NA,left,0.0,0,0,1,0,0,0,0,0,0,0,0,1,0,0,0,0,1,0,0
458,458,1,95,69.0,none,,1.0,0,0,1,1,0,0,0,0,0,0,1,0,0,1,0,0,0,0,0
459,459,1,100,50.0,,centreRight,1.0,1,0,0,0,0,0,0,1,0,0,0,0,0,0,0,1,0,0,0
460,460,1,20,48.0,,centreLeft,1.0,0,1,0,0,0,0,0,0,1,0,1,0,0,0,0,0,1,0,0
461,461,1,77,92.0,doctorate,centreRight,0.0,1,0,0,1,0,1,0,0,0,0,0,0,1,0,1,0,0,0,0
462,462,1,4,41.0,none,left,1.0,1,0,0,0,1,1,0,1,0,0,0,0,0,1,0,0,0,0,0
463,463,1,39,88.0,none,none,1.0,0,1,0,0,0,0,0,0,1,0,0,1,0,0,0,0,1,0,0
464,464,1,46,36.0,highSchool,left,0.0,0,1,0,0,1,1,0,0,0,0,0,1,0,1,1,0,0,0,0
465,465,1,10,67.0,doctorate,centre,,0,0,0,1,1,0,0,0,0,0,0,0,0,0,0,0,0,0,1
466,466,1,61,149.0,secondary,left,1.0,1,0,0,1,0,0,1,1,0,0,0,0,0,0,0,0,1,0,1
467,467,1,84,131.0,highSchool,centreRight,0.0,0,0,0,0,1,0,0,0,0,1,0,0,0,0,1,0,0,1,0
468,468,1,56,41.0,undergrad,none,1.0,0,1,0,0,0,0,0,0,0,0,1,0,0,0,0,1,0,1,0
469,469,1,50,23.0,communityCollege,left,1.0,0,0,0,1,1,0,0,0,0,0,0,1,0,1,0,0,0,0,0
470,470,1,39,63.0,highSchool,centreLeft,0.0,1,1,0,0,0,1,0,0,0,0,0,1,0,0,0,1,0,0,1
471,471,1,8,142.0,none,centre,1.0,0,0,0,0,1,0,0,0,1,0,0,0,0,0,0,0,1,0,0
472,472,1,13,72.0,communityCollege,,1.0,0,0,0,0,1,0,0,0,0,0,1,0,0,0,0,0,1,0,0
473,473,1,6,103.0,secondary,centreRight,1.0,1,0,0,1,0,0,0,0,1,0,0,0,1,0,1,0,0,0,0
475,475,1,49,33.0,communityCollege,centreRight,1.0,0,1,0,1,0,0,1,0,0,0,0,1,0,0,0,1,0,0,1
476,476,1,32,73.0,undergrad,centre,0.0,0,1,1,0,0,1,0,0,0,0,0,0,0,0,0,0,0,0,1
478,478,1,20,35.0,doctorate,none,0.0,1,0,0,0,1,1,0,0,0,0,1,0,0,0,0,1,0,1,0
479,479,1,65,34.0,NA,centre,1.0,0,0,0,1,0,0,1,0,1,0,0,0,1,0,0,1,0,0,0
480,480,1,73,69.0,secondary,centreLeft,0.0,1,0,0,1,0,0,0,1,0,0,0,0,0,0,0,1,0,0,0
482,482,1,56,36.0,secondary,right,1.0,0,1,0,0,1,0,0,1,0,0,0,1,0,1,0,0,0,1,0
483,483,1,78,135.0,NA,right,1.0,0,0,1,1,0,0,0,0,0,0,1,0,0,0,0,0,0,1,0
484,484,1,98,117.0,communityCollege,centreRight,1.0,0,1,0,0,1,0,0,0,0,1,0,0,1,0,0,0,1,0,0
485,485,1,98,96.0,communityCollege,left,0.0,1,0,0,0,0,1,0,0,1,0,0,0,1,0,0,0,0,0,0
486,486,1,99,82.0,graduateSchool,centreLeft,0.0,0,1,0,1,0,0,0,0,0,0,1,0,0,1,0,0,0,0,0
487,487,1,24,99.0,none,centreRight,1.0,1,0,0,1,0,0,0,1,0,0,0,0,0,0,0,0,1,0,0
488,488,1,71,36.0,doctorate,centre,0.0,0,1,0,0,0,0,0,0,0,0,1,0,0,0,0,1,0,0,1
489,489,1,65,111.0,none,left,1.0,0,0,0,1,1,0,1,0,0,1,0,0,0,0,0,0,1,0,1
490,490,1,26,78.0,secondary,centre,1.0,0,1,0,0,0,0,0,1,0,0,0,0,0,0,0,0,0,0,1
492,492,1,15,91.0,doctorate,right,0.0,0,1,1,0,0,0,0,0,0,0,1,1,0,0,0,0,0,0,1
493,493,1,66,88.0,undergrad,centreLeft,0.0,1,0,0,1,0,1,0,0,0,1,0,0,0,0,1,1,0,0,0
494,494,1,81,114.0,highSchool,centreLeft,0.0,0,0,1,0,1,0,0,0,0,1,0,0,1,0,1,0,0,0,0
496,496,1,33,134.0,NA,none,1.0,0,0,1,1,0,0,0,0,0,0,1,0,0,1,0,1,0,0,0
497,497,1,9,117.0,graduateSchool,centreRight,0.0,0,0,1,0,0,0,0,0,0,1,0,0,1,0,1,0,0,0,0
498,498,1,66,44.0,doctorate,centre,,0,1,0,0,0,0,0,0,0,0,0,0,0,0,1,0,0,1,0
499,499,1,63,36.0,NA,right,0.0,0,0,0,1,0,1,0,0,0,0,0,0,0,0,0,0,0,0,1
