PROLIFIC_ID,STUDY_ID,SESSION_ID,age,educationLevel,politicalAffiliation,attendsProtests,gender_female,gender_intersex,gender_male,gender_nonBinary,gender_transgender,affiliatedMovements_climate,affiliatedMovements_gender,affiliatedMovements_indigenous,affiliatedMovements_labour,affiliatedMovements_none,affiliatedMovements_race,affiliatedMovements_religion,socialMedias_facebook,socialMedias_instagram,socialMedias_none,socialMedias_reddit,socialMedias_snapchat,socialMedias_tiktok,socialMedias_twitter,PROLIFIC_ID,treatment,evidence,Affirms,Denies,Neutral,Questions
1,1,79,146.0,NA,right,0.0,0,0,1,0,0,0,0,0,0,1,0,1,0,0,0,0,0,0,1,1,Treatment,High,0.8,0.5,0.0,0.5
1,1,79,146.0,NA,right,0.0,0,0,1,0,0,0,0,0,0,1,0,1,0,0,0,0,0,0,1,1,Treatment,Low,0.25,1.0,0.0,0.3333333333333333
2,1,28,100.0,NA,centreRight,0.0,1,0,0,0,0,1,0,0,0,0,1,0,0,0,0,1,0,0,1,2,Treatment,High,0.3333333333333333,0.75,0.0,0.0
2,1,28,100.0,NA,centreRight,0.0,1,0,0,0,0,1,0,0,0,0,1,0,0,0,0,1,0,0,1,2,Treatment,Low,0.0,1.0,1.0,0.0
3,1,32,64.0,communityCollege,centreLeft,1.0,0,1,1,0,0,0,0,1,0,0,1,0,0,0,0,0,0,0,1,3,Treatment,High,0.5,0.0,0.0,1.0
3,1,32,64.0,communityCollege,centreLeft,1.0,0,1,1,0,0,0,0,1,0,0,1,0,0,0,0,0,0,0,1,3,Treatment,Low,0.0,0.5,0.5,1.0
4,1,91,132.0,doctorate,left,1.0,1,0,0,0,0,0,0,1,0,0,0,0,0,0,0,0,0,1,0,4,Control,High,0.0,0.6666666666666666,0.6666666666666666,0.0
4,1,91,132.0,doctorate,left,1.0,1,0,0,0,0,0,0,1,0,0,0,0,0,0,0,0,0,1,0,4,Control,Low,0.4,1.0,0.0,0.5
5,1,8,43.0,NA,right,0.0,1,0,0,0,0,0,0,0,1,0,0,0,0,0,1,0,0,1,0,5,Control,High,0.4,0.0,0.5,1.0
5,1,8,43.0,NA,right,0.0,1,0,0,0,0,0,0,0,1,0,0,0,0,0,1,0,0,1,0,5,Control,Low,0.5,0.5,0.3333333333333333,1.0
6,1,72,53.0,graduateSchool,centreLeft,0.0,0,0,1,1,0,0,0,0,1,0,0,0,0,0,0,1,0,0,0,6,Control,High,0.42857142857142855,0.6666666666666666,0.0,0.0
6,1,72,53.0,graduateSchool,centreLeft,0.0,0,0,1,1,0,0,0,0,1,0,0,0,0,0,0,1,0,0,0,6,Control,Low,0.42857142857142855,1.0,0.0,0.0
7,1,72,121.0,undergrad,left,0.0,0,0,0,1,0,1,1,0,0,0,0,0,0,1,0,1,0,0,0,7,Control,High,1.0,0.3333333333333333,0.6666666666666666,0.0
7,1,72,121.0,undergrad,left,0.0,0,0,0,1,0,1,1,0,0,0,0,0,0,1,0,1,0,0,0,7,Control,Low,0.5,0.5,1.0,1.0
8,1,10,74.0,0,left,1.0,0,1,0,1,0,0,0,0,1,0,0,0,0,1,0,0,0,0,0,8,Treatment,High,0.3333333333333333,0.3333333333333333,0.0,0.0
8,1,10,74.0,0,left,1.0,0,1,0,1,0,0,0,0,1,0,0,0,0,1,0,0,0,0,0,8,Treatment,Low,0.6,0.3333333333333333,0.0,0.5
9,1,66,44.0,communityCollege,centreRight,1.0,0,0,0,0,1,1,0,0,1,0,0,0,0,1,0,0,0,0,0,9,Treatment,High,0.3333333333333333,0.3333333333333333,1.0,0.5
9,1,66,44.0,communityCollege,centreRight,1.0,0,0,0,0,1,1,0,0,1,0,0,0,0,1,0,0,0,0,0,9,Treatment,Low,0.5,0.0,0.0,1.0
12,1,33,69.0,highSchool,0,0.0,1,0,0,0,0,0,1,0,0,1,0,0,0,1,0,0,0,1,0,12,Treatment,High,0.0,0.5,0.0,0.0
12,1,33,69.0,highSchool,0,0.0,1,0,0,0,0,0,1,0,0,1,0,0,0,1,0,0,0,1,0,12,Treatment,Low,0.0,0.25,0.0,0.0
14,1,53,49.0,highSchool,centreLeft,1.0,0,1,1,0,0,0,0,0,0,0,0,1,0,0,1,0,0,0,1,14,Control,High,0.6666666666666666,0.5,0.6666666666666666,1.0
14,1,53,49.0,highSchool,centreLeft,1.0,0,1,1,0,0,0,0,0,0,0,0,1,0,0,1,0,0,0,1,14,Control,Low,0.2,1.0,0.0,0.5
15,1,2,19.0,undergrad,centreLeft,0.0,0,0,1,0,0,0,1,0,1,0,0,0,0,0,1,0,1,0,0,15,Treatment,High,0.8333333333333334,0.3333333333333333,1.0,0.0
15,1,2,19.0,undergrad,centreLeft,0.0,0,0,1,0,0,0,1,0,1,0,0,0,0,0,1,0,1,0,0,15,Treatment,Low,0.2,0.3333333333333333,0.0,0.0
16,1,68,65.0,doctorate,centreRight,0.0,1,1,0,0,0,0,0,0,1,1,0,0,0,0,0,0,0,1,1,16,Treatment,High,1.0,0.3333333333333333,1.0,1.0
16,1,68,65.0,doctorate,centreRight,0.0,1,1,0,0,0,0,0,0,1,1,0,0,0,0,0,0,0,1,1,16,Treatment,Low,1.0,1.0,0.0,1.0
17,1,67,48.0,communityCollege,centreRight,1.0,0,1,0,0,0,0,1,0,1,0,0,0,0,0,0,1,0,0,0,17,Control,High,1.0,0.375,0.0,0.0
17,1,67,48.0,communityCollege,centreRight,1.0,0,1,0,0,0,0,1,0,1,0,0,0,0,0,0,1,0,0,0,17,Control,Low,0.2,0.25,1.0,0.0
18,1,85,145.0,undergrad,centreLeft,0.0,1,1,0,0,0,0,0,1,0,0,0,0,0,0,0,0,0,0,1,18,Treatment,High,0.8333333333333334,0.0,0.5,0.0
18,1,85,145.0,undergrad,centreLeft,0.0,1,1,0,0,0,0,0,1,0,0,0,0,0,0,0,0,0,0,1,18,Treatment,Low,0.0,1.0,0.0,1.0
20,1,92,99.0,0,0,0.0,0,1,0,0,0,0,0,0,1,0,0,0,0,1,0,1,0,0,0,20,Treatment,High,0.75,0.25,0.0,1.0
20,1,92,99.0,0,0,0.0,0,1,0,0,0,0,0,0,1,0,0,0,0,1,0,1,0,0,0,20,Treatment,Low,0.3333333333333333,0.8,1.0,0.0
22,1,29,43.0,highSchool,centreRight,0.0,0,1,1,0,0,0,1,1,0,0,0,0,0,1,0,0,0,1,0,22,Treatment,High,0.3333333333333333,0.8,1.0,1.0
22,1,29,43.0,highSchool,centreRight,0.0,0,1,1,0,0,0,1,1,0,0,0,0,0,1,0,0,0,1,0,22,Treatment,Low,0.16666666666666666,0.0,0.6666666666666666,0.0
23,1,71,139.0,0,centre,0.0,1,1,0,0,0,0,0,0,0,0,0,0,0,1,0,0,1,0,0,23,Control,High,0.3333333333333333,0.25,1.0,0.5
23,1,71,139.0,0,centre,0.0,1,1,0,0,0,0,0,0,0,0,0,0,0,1,0,0,1,0,0,23,Control,Low,0.4,1.0,1.0,1.0
24,1,15,138.0,none,none,1.0,0,1,0,0,0,1,0,0,0,0,1,0,1,0,0,0,0,1,0,24,Treatment,High,0.5,0.0,1.0,1.0
24,1,15,138.0,none,none,1.0,0,1,0,0,0,1,0,0,0,0,1,0,1,0,0,0,0,1,0,24,Treatment,Low,0.0,1.0,0.3333333333333333,0.0
28,1,81,108.0,graduateSchool,none,1.0,0,0,0,1,1,0,1,0,0,0,0,1,1,0,0,0,0,0,1,28,Control,High,0.5,0.5,0.0,0.0
28,1,81,108.0,graduateSchool,none,1.0,0,0,0,1,1,0,1,0,0,0,0,1,1,0,0,0,0,0,1,28,Control,Low,0.0,0.6,0.3333333333333333,1.0
29,1,71,23.0,highSchool,0,1.0,0,0,1,0,1,1,0,0,0,0,0,1,0,0,0,1,0,0,1,29,Control,High,0.3333333333333333,0.25,0.5,1.0
29,1,71,23.0,highSchool,0,1.0,0,0,1,0,1,1,0,0,0,0,0,1,0,0,0,1,0,0,1,29,Control,Low,0.0,0.2857142857142857,0.0,0.0
30,1,5,34.0,none,none,1.0,0,1,1,0,0,0,0,1,0,0,0,1,1,0,0,0,0,0,0,30,Treatment,High,1.0,1.0,0.6666666666666666,0.0
30,1,5,34.0,none,none,1.0,0,1,1,0,0,0,0,1,0,0,0,1,1,0,0,0,0,0,0,30,Treatment,Low,0.3333333333333333,0.5,0.0,0.0
31,1,19,109.0,secondary,left,0.0,0,0,0,1,1,0,0,1,0,0,0,0,0,0,0,1,1,0,0,31,Control,High,0.3333333333333333,1.0,0.0,0.6666666666666666
31,1,19,109.0,secondary,left,0.0,0,0,0,1,1,0,0,1,0,0,0,0,0,0,0,1,1,0,0,31,Control,Low,1.0,0.4,1.0,0.3333333333333333
32,1,55,96.0,highSchool,centreRight,0.0,0,0,0,1,0,0,1,1,0,0,0,0,0,0,0,1,0,1,0,32,Control,High,0.5,0.3333333333333333,1.0,1.0
32,1,55,96.0,highSchool,centreRight,0.0,0,0,0,1,0,0,1,1,0,0,0,0,0,0,0,1,0,1,0,32,Control,Low,0.5,0.8,0.0,0.0
33,1,40,116.0,NA,left,0.0,1,0,0,1,0,0,1,0,0,0,0,0,0,0,0,1,1,0,0,33,Control,High,0.8,0.5,1.0,0.0
33,1,40,116.0,NA,left,0.0,1,0,0,1,0,0,1,0,0,0,0,0,0,0,0,1,1,0,0,33,Control,Low,0.75,1.0,0.3333333333333333,0.0
34,1,8,86.0,secondary,centreRight,1.0,0,0,1,0,0,0,0,0,1,0,1,0,0,0,0,0,0,1,0,34,Control,High,0.0,0.3333333333333333,1.0,1.0
34,1,8,86.0,secondary,centreRight,1.0,0,0,1,0,0,0,0,0,1,0,1,0,0,0,0,0,0,1,0,34,Control,Low,0.25,0.4,0.0,0.0
35,1,20,64.0,communityCollege,none,0.0,1,0,0,1,0,0,0,1,0,1,0,0,0,1,0,0,1,0,0,35,Control,High,0.5,0.6666666666666666,0.0,0.0
35,1,20,64.0,communityCollege,none,0.0,1,0,0,1,0,0,0,1,0,1,0,0,0,1,0,0,1,0,0,35,Control,Low,0.3333333333333333,0.6666666666666666,0.0,1.0
36,1,33,26.0,none,right,0.0,0,0,0,0,0,0,0,0,0,1,0,1,0,0,0,1,0,0,0,36,Control,High,0.3333333333333333,0.5,1.0,1.0
36,1,33,26.0,none,right,0.0,0,0,0,0,0,0,0,0,0,1,0,1,0,0,0,1,0,0,0,36,Control,Low,0.75,0.75,0.0,0.0
38,1,8,34.0,undergrad,right,0.0,1,0,0,0,1,1,0,0,1,0,0,0,0,1,0,0,0,0,0,38,Control,High,1.0,0.14285714285714285,0.0,0.0
38,1,8,34.0,undergrad,right,0.0,1,0,0,0,1,1,0,0,1,0,0,0,0,1,0,0,0,0,0,38,Control,Low,0.5,1.0,0.5,0.0
40,1,49,18.0,NA,left,0.0,1,0,0,0,0,1,0,0,0,1,0,0,1,0,0,0,0,1,0,40,Treatment,High,0.8,0.0,0.0,0.5
40,1,49,18.0,NA,left,0.0,1,0,0,0,0,1,0,0,0,1,0,0,1,0,0,0,0,1,0,40,Treatment,Low,0.3333333333333333,1.0,0.0,0.3333333333333333
41,1,26,52.0,0,0,1.0,0,0,0,0,1,0,1,0,0,1,0,0,0,0,0,0,1,0,0,41,Control,High,1.0,0.25,0.0,0.0
41,1,26,52.0,0,0,1.0,0,0,0,0,1,0,1,0,0,1,0,0,0,0,0,0,1,0,0,41,Control,Low,0.0,0.3333333333333333,0.0,0.6666666666666666
43,1,39,70.0,highSchool,right,0.0,1,0,1,0,0,0,0,0,1,0,0,0,1,0,0,0,1,0,0,43,Treatment,High,1.0,0.0,0.5,1.0
43,1,39,70.0,highSchool,right,0.0,1,0,1,0,0,0,0,0,1,0,0,0,1,0,0,0,1,0,0,43,Treatment,Low,0.3333333333333333,0.6666666666666666,0.0,0.0
45,1,30,95.0,graduateSchool,right,0.0,0,0,0,1,0,0,1,0,0,0,0,0,1,1,0,0,0,0,0,45,Treatment,High,0.8,0.5,0.0,0.3333333333333333
45,1,30,95.0,graduateSchool,right,0.0,0,0,0,1,0,0,1,0,0,0,0,0,1,1,0,0,0,0,0,45,Treatment,Low,0.5,0.6666666666666666,0.0,0.0
48,1,35,91.0,doctorate,right,1.0,0,0,0,0,1,0,0,1,0,1,0,0,0,0,0,0,0,1,1,48,Control,High,1.0,0.5,0.5,0.0
48,1,35,91.0,doctorate,right,1.0,0,0,0,0,1,0,0,1,0,1,0,0,0,0,0,0,0,1,1,48,Control,Low,0.0,0.75,0.5,1.0
49,1,57,112.0,graduateSchool,centre,1.0,0,0,1,0,0,1,1,0,0,0,0,0,1,1,0,0,0,0,0,49,Control,High,0.6666666666666666,0.0,0.0,1.0
49,1,57,112.0,graduateSchool,centre,1.0,0,0,1,0,0,1,1,0,0,0,0,0,1,1,0,0,0,0,0,49,Control,Low,0.75,0.6,1.0,0.0
50,1,1,121.0,highSchool,centreLeft,1.0,1,0,0,0,0,1,0,1,0,0,0,0,0,0,0,1,0,0,0,50,Treatment,High,0.75,0.0,0.5,1.0
50,1,1,121.0,highSchool,centreLeft,1.0,1,0,0,0,0,1,0,1,0,0,0,0,0,0,0,1,0,0,0,50,Treatment,Low,0.3333333333333333,0.0,0.0,0.6666666666666666
51,1,79,129.0,doctorate,none,0.0,0,0,1,0,1,0,0,0,0,0,0,0,0,0,0,1,0,0,0,51,Control,High,0.8,0.5,0.0,0.0
51,1,79,129.0,doctorate,none,0.0,0,0,1,0,1,0,0,0,0,0,0,0,0,0,0,1,0,0,0,51,Control,Low,0.6666666666666666,0.3333333333333333,0.0,1.0
52,1,94,106.0,highSchool,centreRight,0.0,1,1,0,0,0,0,0,0,0,1,0,0,0,0,0,1,0,0,0,52,Treatment,High,1.0,0.5,0.0,0.5
52,1,94,106.0,highSchool,centreRight,0.0,1,1,0,0,0,0,0,0,0,1,0,0,0,0,0,1,0,0,0,52,Treatment,Low,1.0,0.75,0.0,0.5
54,1,91,144.0,secondary,left,0.0,0,0,0,0,1,0,0,0,0,1,1,0,0,0,0,1,0,0,1,54,Control,High,0.6,0.25,0.0,0.0
54,1,91,144.0,secondary,left,0.0,0,0,0,0,1,0,0,0,0,1,1,0,0,0,0,1,0,0,1,54,Control,Low,0.0,0.5,0.0,0.5
56,1,72,120.0,doctorate,centreLeft,0.0,0,0,1,0,1,0,0,0,0,1,1,0,1,0,0,1,0,0,0,56,Treatment,High,0.75,0.25,1.0,0.0
56,1,72,120.0,doctorate,centreLeft,0.0,0,0,1,0,1,0,0,0,0,1,1,0,1,0,0,1,0,0,0,56,Treatment,Low,0.2,0.0,0.0,0.6666666666666666
58,1,92,92.0,undergrad,centre,1.0,0,0,1,0,0,0,0,0,0,0,1,0,0,0,0,0,1,0,0,58,Treatment,High,0.75,0.16666666666666666,0.0,0.0
58,1,92,92.0,undergrad,centre,1.0,0,0,1,0,0,0,0,0,0,0,1,0,0,0,0,0,1,0,0,58,Treatment,Low,0.25,0.5,1.0,1.0
59,1,30,123.0,graduateSchool,right,1.0,0,0,1,0,0,0,0,0,0,1,0,0,0,0,0,1,1,0,0,59,Treatment,High,0.75,0.4,0.0,0.0
59,1,30,123.0,graduateSchool,right,1.0,0,0,1,0,0,0,0,0,0,1,0,0,0,0,0,1,1,0,0,59,Treatment,Low,0.0,0.5,0.3333333333333333,0.6666666666666666
60,1,75,94.0,secondary,centre,1.0,0,0,1,0,1,0,0,1,0,0,0,0,0,0,0,1,1,0,0,60,Control,High,1.0,0.2857142857142857,0.0,1.0
60,1,75,94.0,secondary,centre,1.0,0,0,1,0,1,0,0,1,0,0,0,0,0,0,0,1,1,0,0,60,Control,Low,0.0,0.42857142857142855,0.0,0.0
61,1,6,85.0,communityCollege,left,1.0,0,0,0,1,1,1,0,0,0,0,0,0,0,0,0,0,1,0,0,61,Treatment,High,0.6,0.0,1.0,0.6666666666666666
61,1,6,85.0,communityCollege,left,1.0,0,0,0,1,1,1,0,0,0,0,0,0,0,0,0,0,1,0,0,61,Treatment,Low,0.3333333333333333,0.5,0.5,0.0
62,1,3,103.0,undergrad,centreRight,0.0,1,0,0,0,0,0,1,0,0,1,0,0,0,0,0,0,1,0,0,62,Control,High,0.8,0.3333333333333333,1.0,0.0
62,1,3,103.0,undergrad,centreRight,0.0,1,0,0,0,0,0,1,0,0,1,0,0,0,0,0,0,1,0,0,62,Control,Low,0.6666666666666666,0.4,0.0,1.0
63,1,68,147.0,NA,right,1.0,0,0,0,1,1,1,0,0,0,0,0,0,0,0,0,0,0,0,1,63,Treatment,High,1.0,0.5,0.6666666666666666,0.0
63,1,68,147.0,NA,right,1.0,0,0,0,1,1,1,0,0,0,0,0,0,0,0,0,0,0,0,1,63,Treatment,Low,0.6,0.0,0.0,0.0
65,1,19,98.0,NA,centre,0.0,0,0,0,1,0,0,0,0,1,1,0,0,1,0,0,0,0,0,1,65,Control,High,0.4,0.3333333333333333,1.0,0.0
65,1,19,98.0,NA,centre,0.0,0,0,0,1,0,0,0,0,1,1,0,0,1,0,0,0,0,0,1,65,Control,Low,0.5,0.4,0.0,1.0
66,1,48,108.0,communityCollege,left,1.0,0,0,1,0,1,0,0,0,0,1,0,1,0,1,0,0,0,1,0,66,Control,High,0.8,0.0,0.0,1.0
66,1,48,108.0,communityCollege,left,1.0,0,0,1,0,1,0,0,0,0,1,0,1,0,1,0,0,0,1,0,66,Control,Low,0.6,0.3333333333333333,0.0,0.0
68,1,37,143.0,undergrad,centre,1.0,0,0,0,0,0,0,0,1,0,0,0,0,1,0,0,0,0,0,0,68,Control,High,0.75,0.6666666666666666,0.6666666666666666,0.0
68,1,37,143.0,undergrad,centre,1.0,0,0,0,0,0,0,0,1,0,0,0,0,1,0,0,0,0,0,0,68,Control,Low,0.6666666666666666,1.0,0.0,0.0
69,1,6,47.0,highSchool,centreRight,0.0,0,1,0,1,0,1,0,0,0,0,0,0,1,0,0,0,0,0,0,69,Control,High,0.5,0.5,0.0,0.0
69,1,6,47.0,highSchool,centreRight,0.0,0,1,0,1,0,1,0,0,0,0,0,0,1,0,0,0,0,0,0,69,Control,Low,0.4,0.25,0.0,0.0
70,1,51,128.0,communityCollege,centreLeft,0.0,1,0,1,0,0,0,0,1,1,0,0,0,0,0,1,0,0,1,0,70,Treatment,High,0.6666666666666666,0.16666666666666666,1.0,0.0
70,1,51,128.0,communityCollege,centreLeft,0.0,1,0,1,0,0,0,0,1,1,0,0,0,0,0,1,0,0,1,0,70,Treatment,Low,0.0,0.5,0.0,0.0
71,1,18,112.0,doctorate,none,0.0,1,0,0,0,0,1,0,0,0,1,0,0,0,0,0,0,1,0,1,71,Treatment,High,0.6666666666666666,0.5,1.0,0.0
71,1,18,112.0,doctorate,none,0.0,1,0,0,0,0,1,0,0,0,1,0,0,0,0,0,0,1,0,1,71,Treatment,Low,0.2,1.0,0.5,0.0
72,1,10,33.0,secondary,right,0.0,0,0,0,0,1,0,0,0,0,0,1,1,0,0,0,0,0,0,1,72,Control,High,0.5,1.0,0.0,0.0
72,1,10,33.0,secondary,right,0.0,0,0,0,0,1,0,0,0,0,0,1,1,0,0,0,0,0,0,1,72,Control,Low,0.2,0.75,1.0,0.0
73,1,71,143.0,undergrad,right,1.0,0,0,1,0,0,0,0,0,0,0,0,1,1,0,1,0,0,0,0,73,Treatment,High,0.75,0.5,0.75,0.0
73,1,71,143.0,undergrad,right,1.0,0,0,1,0,0,0,0,0,0,0,0,1,1,0,1,0,0,0,0,73,Treatment,Low,0.0,1.0,1.0,0.0
74,1,40,53.0,secondary,left,0.0,0,1,1,0,0,0,1,0,0,0,0,0,0,0,0,0,0,0,1,74,Treatment,High,1.0,0.0,0.0,1.0
74,1,40,53.0,secondary,left,0.0,0,1,1,0,0,0,1,0,0,0,0,0,0,0,0,0,0,0,1,74,Treatment,Low,0.0,0.7142857142857143,0.0,0.0
76,1,39,48.0,NA,centre,0.0,0,1,0,1,0,0,0,0,1,0,0,0,0,1,0,0,0,0,0,76,Control,High,0.0,0.2,1.0,0.0
76,1,39,48.0,NA,centre,0.0,0,1,0,1,0,0,0,0,1,0,0,0,0,1,0,0,0,0,0,76,Control,Low,0.5,1.0,1.0,0.3333333333333333
77,1,47,75.0,undergrad,centreLeft,1.0,1,0,1,0,0,0,0,0,0,0,1,0,0,1,0,0,1,0,0,77,Control,High,0.6666666666666666,0.25,1.0,0.0
77,1,47,75.0,undergrad,centreLeft,1.0,1,0,1,0,0,0,0,0,0,0,1,0,0,1,0,0,1,0,0,77,Control,Low,0.3333333333333333,0.5,0.0,0.0
78,1,31,88.0,communityCollege,right,0.0,0,1,0,0,0,0,0,1,0,0,0,1,1,0,0,1,0,0,0,78,Treatment,High,1.0,0.5,0.0,1.0
78,1,31,88.0,communityCollege,right,0.0,0,1,0,0,0,0,0,1,0,0,0,1,1,0,0,1,0,0,0,78,Treatment,Low,0.3333333333333333,1.0,0.0,1.0
79,1,13,101.0,secondary,left,0.0,1,0,0,0,0,0,1,0,0,0,0,1,0,1,0,0,0,0,0,79,Treatment,High,0.75,0.6666666666666666,1.0,1.0
79,1,13,101.0,secondary,left,0.0,1,0,0,0,0,0,1,0,0,0,0,1,0,1,0,0,0,0,0,79,Treatment,Low,0.0,0.8,0.0,0.0
82,1,34,66.0,undergrad,right,1.0,1,0,0,0,1,0,0,0,1,0,0,0,0,0,0,1,0,0,0,82,Control,High,0.5,0.0,0.0,0.0
82,1,34,66.0,undergrad,right,1.0,1,0,0,0,1,0,0,0,1,0,0,0,0,0,0,1,0,0,0,82,Control,Low,0.6666666666666666,0.3333333333333333,0.5,0.5
83,1,66,97.0,secondary,right,0.0,1,1,0,0,0,0,0,0,0,1,0,0,0,1,0,0,0,1,0,83,Control,High,0.6,0.25,0.0,1.0
83,1,66,97.0,secondary,right,0.0,1,1,0,0,0,0,0,0,0,1,0,0,0,1,0,0,0,1,0,83,Control,Low,0.0,0.25,0.6666666666666666,0.0
85,1,23,65.0,communityCollege,centre,0.0,1,0,0,1,0,0,0,0,0,0,1,0,0,0,0,0,0,0,1,85,Control,High,0.6,0.6666666666666666,1.0,1.0
85,1,23,65.0,communityCollege,centre,0.0,1,0,0,1,0,0,0,0,0,0,1,0,0,0,0,0,0,0,1,85,Control,Low,1.0,0.0,0.3333333333333333,0.5
88,1,91,75.0,communityCollege,left,1.0,1,0,1,0,0,0,0,1,0,0,1,0,0,0,1,0,1,0,0,88,Treatment,High,0.75,0.75,1.0,1.0
88,1,91,75.0,communityCollege,left,1.0,1,0,1,0,0,0,0,1,0,0,1,0,0,0,1,0,1,0,0,88,Treatment,Low,1.0,0.8,1.0,1.0
90,1,94,97.0,communityCollege,none,1.0,0,0,1,0,0,0,1,0,0,0,0,1,0,0,0,0,0,1,0,90,Control,High,0.5,0.25,1.0,1.0
90,1,94,97.0,communityCollege,none,1.0,0,0,1,0,0,0,1,0,0,0,0,1,0,0,0,0,0,1,0,90,Control,Low,0.0,0.6,0.0,0.0
91,1,64,76.0,communityCollege,none,0.0,1,0,0,0,0,0,0,1,0,0,0,0,0,0,0,0,0,1,1,91,Treatment,High,0.3333333333333333,0.6666666666666666,0.0,1.0
91,1,64,76.0,communityCollege,none,0.0,1,0,0,0,0,0,0,1,0,0,0,0,0,0,0,0,0,1,1,91,Treatment,Low,0.3333333333333333,0.8,1.0,0.0
95,1,52,55.0,highSchool,0,0.0,0,1,0,0,1,0,1,0,0,1,0,0,0,1,0,0,0,0,0,95,Control,High,0.6666666666666666,0.2,0.0,0.0
95,1,52,55.0,highSchool,0,0.0,0,1,0,0,1,0,1,0,0,1,0,0,0,1,0,0,0,0,0,95,Control,Low,1.0,0.6,0.0,1.0
96,1,41,146.0,doctorate,left,0.0,0,0,0,0,1,0,0,0,1,0,1,0,0,1,0,0,0,1,0,96,Treatment,High,0.5,0.0,0.0,1.0
96,1,41,146.0,doctorate,left,0.0,0,0,0,0,1,0,0,0,1,0,1,0,0,1,0,0,0,1,0,96,Treatment,Low,0.5,0.0,0.0,1.0
97,1,28,88.0,NA,centreLeft,0.0,0,0,1,0,0,0,0,0,1,0,0,0,0,0,0,1,0,0,0,97,Control,High,0.6666666666666666,0.5,0.0,1.0
97,1,28,88.0,NA,centreLeft,0.0,0,0,1,0,0,0,0,0,1,0,0,0,0,0,0,1,0,0,0,97,Control,Low,0.0,0.5,0.3333333333333333,0.5
102,1,11,130.0,undergrad,right,1.0,0,1,1,0,0,0,0,0,0,1,1,0,0,0,1,0,1,0,0,102,Control,High,0.25,1.0,0.0,0.0
102,1,11,130.0,undergrad,right,1.0,0,1,1,0,0,0,0,0,0,1,1,0,0,0,1,0,1,0,0,102,Control,Low,0.4,0.5,0.0,0.0
103,1,52,21.0,undergrad,right,1.0,0,0,0,1,0,0,0,0,0,1,0,1,0,0,0,1,0,0,0,103,Control,High,1.0,0.5,0.0,1.0
103,1,52,21.0,undergrad,right,1.0,0,0,0,1,0,0,0,0,0,1,0,1,0,0,0,1,0,0,0,103,Control,Low,0.75,0.5,1.0,0.6666666666666666
104,1,72,55.0,undergrad,centreLeft,0.0,0,1,1,0,0,1,0,0,0,0,0,0,0,0,0,1,0,0,0,104,Control,High,0.0,0.6,0.0,0.0
104,1,72,55.0,undergrad,centreLeft,0.0,0,1,1,0,0,1,0,0,0,0,0,0,0,0,0,1,0,0,0,104,Control,Low,0.5,0.75,0.0,0.5
108,1,94,25.0,highSchool,none,1.0,0,1,0,1,0,1,0,0,1,0,0,0,0,0,0,0,0,1,0,108,Treatment,High,0.2,0.6666666666666666,0.0,1.0
108,1,94,25.0,highSchool,none,1.0,0,1,0,1,0,1,0,0,1,0,0,0,0,0,0,0,0,1,0,108,Treatment,Low,0.25,0.6666666666666666,0.0,1.0
110,1,73,147.0,graduateSchool,centreLeft,0.0,0,0,1,1,0,0,0,1,0,1,0,0,0,1,1,0,0,0,0,110,Treatment,High,0.0,1.0,0.5,0.5
110,1,73,147.0,graduateSchool,centreLeft,0.0,0,0,1,1,0,0,0,1,0,1,0,0,0,1,1,0,0,0,0,110,Treatment,Low,0.4,0.6666666666666666,1.0,0.0
111,1,28,109.0,undergrad,right,1.0,0,0,1,1,0,0,0,0,0,0,1,1,0,0,0,1,0,0,0,111,Control,High,1.0,0.6,0.3333333333333333,0.0
111,1,28,109.0,undergrad,right,1.0,0,0,1,1,0,0,0,0,0,0,1,1,0,0,0,1,0,0,0,111,Control,Low,0.75,0.3333333333333333,1.0,0.0
112,1,95,138.0,none,centre,0.0,1,0,0,1,0,0,1,0,0,1,0,0,0,0,0,1,0,1,0,112,Control,High,0.5,0.6666666666666666,0.0,0.6666666666666666
112,1,95,138.0,none,centre,0.0,1,0,0,1,0,0,1,0,0,1,0,0,0,0,0,1,0,1,0,112,Control,Low,0.0,0.25,0.75,1.0
113,1,75,45.0,highSchool,none,0.0,0,1,0,0,0,0,0,0,0,1,0,0,0,0,0,0,1,0,0,113,Control,High,0.8,0.0,1.0,0.5
113,1,75,45.0,highSchool,none,0.0,0,1,0,0,0,0,0,0,0,1,0,0,0,0,0,0,1,0,0,113,Control,Low,0.5,0.7142857142857143,0.0,1.0
114,1,48,85.0,NA,left,0.0,1,0,0,1,0,0,0,0,0,1,0,1,1,0,0,0,0,0,0,114,Treatment,High,1.0,0.25,0.0,1.0
114,1,48,85.0,NA,left,0.0,1,0,0,1,0,0,0,0,0,1,0,1,1,0,0,0,0,0,0,114,Treatment,Low,0.5,1.0,0.0,0.3333333333333333
115,1,57,56.0,graduateSchool,0,0.0,1,0,1,0,0,0,0,1,0,0,0,1,0,1,0,0,0,0,0,115,Treatment,High,0.5,0.0,1.0,0.0
115,1,57,56.0,graduateSchool,0,0.0,1,0,1,0,0,0,0,1,0,0,0,1,0,1,0,0,0,0,0,115,Treatment,Low,0.75,0.6666666666666666,0.5,1.0
116,1,73,25.0,secondary,centreRight,1.0,0,0,1,0,0,1,0,0,0,0,0,0,0,0,0,0,1,0,1,116,Treatment,High,0.7142857142857143,0.5,0.0,0.0
116,1,73,25.0,secondary,centreRight,1.0,0,0,1,0,0,1,0,0,0,0,0,0,0,0,0,0,1,0,1,116,Treatment,Low,0.0,0.8,0.5,0.0
117,1,19,71.0,secondary,0,1.0,0,1,1,0,0,0,1,0,0,0,0,0,0,0,1,0,1,0,0,117,Control,High,0.6666666666666666,1.0,0.5,0.5
117,1,19,71.0,secondary,0,1.0,0,1,1,0,0,0,1,0,0,0,0,0,0,0,1,0,1,0,0,117,Control,Low,0.4,0.0,0.5,0.0
118,1,72,52.0,none,0,0.0,0,0,1,0,1,1,0,0,1,0,0,0,0,0,0,0,0,0,1,118,Control,High,1.0,1.0,0.0,1.0
118,1,72,52.0,none,0,0.0,0,0,1,0,1,1,0,0,1,0,0,0,0,0,0,0,0,0,1,118,Control,Low,0.4,0.5,1.0,0.0
119,1,35,149.0,0,none,0.0,1,1,0,0,0,1,0,0,0,1,0,0,0,1,0,1,0,0,0,119,Control,High,1.0,0.5,1.0,0.8
119,1,35,149.0,0,none,0.0,1,1,0,0,0,1,0,0,0,1,0,0,0,1,0,1,0,0,0,119,Control,Low,1.0,0.2,0.0,1.0
121,1,65,26.0,none,left,0.0,0,0,0,0,1,0,0,0,1,0,0,0,0,1,1,0,0,0,0,121,Control,High,0.6666666666666666,0.6,0.0,0.5
121,1,65,26.0,none,left,0.0,0,0,0,0,1,0,0,0,1,0,0,0,0,1,1,0,0,0,0,121,Control,Low,0.6,0.5,0.0,1.0
122,1,82,73.0,none,left,0.0,1,1,0,0,0,0,0,1,0,0,0,0,0,0,0,0,0,1,0,122,Control,High,0.8,0.0,0.0,0.0
122,1,82,73.0,none,left,0.0,1,1,0,0,0,0,0,1,0,0,0,0,0,0,0,0,0,1,0,122,Control,Low,0.3333333333333333,0.5,0.0,0.5
123,1,56,76.0,highSchool,centreRight,1.0,0,0,0,1,0,0,0,0,0,0,1,0,0,0,0,1,1,0,0,123,Treatment,High,0.75,0.25,0.5,0.0
123,1,56,76.0,highSchool,centreRight,1.0,0,0,0,1,0,0,0,0,0,0,1,0,0,0,0,1,1,0,0,123,Treatment,Low,0.3333333333333333,1.0,0.0,0.5
124,1,41,61.0,none,centreRight,0.0,0,0,1,0,0,0,0,1,0,0,0,0,0,0,1,0,1,0,0,124,Treatment,High,1.0,0.8333333333333334,1.0,0.0
124,1,41,61.0,none,centreRight,0.0,0,0,1,0,0,0,0,1,0,0,0,0,0,0,1,0,1,0,0,124,Treatment,Low,0.6,1.0,0.0,1.0
125,1,80,134.0,doctorate,0,1.0,1,0,1,0,0,1,0,0,0,1,0,0,0,0,0,0,0,0,1,125,Treatment,High,1.0,0.5,1.0,1.0
125,1,80,134.0,doctorate,0,1.0,1,0,1,0,0,1,0,0,0,1,0,0,0,0,0,0,0,0,1,125,Treatment,Low,0.25,0.5,0.0,0.0
126,1,93,50.0,undergrad,centreLeft,0.0,1,0,1,0,0,0,0,1,1,0,0,0,0,0,1,0,1,0,0,126,Control,High,0.5,0.75,0.5,0.0
126,1,93,50.0,undergrad,centreLeft,0.0,1,0,1,0,0,0,0,1,1,0,0,0,0,0,1,0,1,0,0,126,Control,Low,0.5,0.4,0.0,0.5
127,1,46,46.0,none,left,1.0,1,0,1,0,0,0,1,0,0,0,1,0,0,0,1,0,0,1,0,127,Control,High,0.0,0.6666666666666666,0.0,0.6666666666666666
127,1,46,46.0,none,left,1.0,1,0,1,0,0,0,1,0,0,0,1,0,0,0,1,0,0,1,0,127,Control,Low,0.0,0.75,1.0,0.5
129,1,99,108.0,highSchool,left,1.0,0,0,1,0,0,0,0,0,0,0,1,0,0,1,0,0,0,1,0,129,Treatment,High,0.5,0.0,0.6666666666666666,1.0
129,1,99,108.0,highSchool,left,1.0,0,0,1,0,0,0,0,0,0,0,1,0,0,1,0,0,0,1,0,129,Treatment,Low,0.16666666666666666,1.0,1.0,1.0
130,1,47,56.0,doctorate,centre,0.0,0,0,0,1,1,1,0,0,0,0,0,0,0,0,0,0,1,1,0,130,Treatment,High,0.6666666666666666,0.3333333333333333,0.0,0.0
130,1,47,56.0,doctorate,centre,0.0,0,0,0,1,1,1,0,0,0,0,0,0,0,0,0,0,1,1,0,130,Treatment,Low,0.16666666666666666,0.3333333333333333,0.0,0.0
131,1,84,64.0,secondary,none,1.0,0,0,1,0,0,0,0,0,0,0,1,0,0,0,1,0,0,1,0,131,Treatment,High,0.6666666666666666,0.25,0.0,0.0
131,1,84,64.0,secondary,none,1.0,0,0,1,0,0,0,0,0,0,0,1,0,0,0,1,0,0,1,0,131,Treatment,Low,0.25,0.5,0.0,1.0
132,1,33,88.0,doctorate,right,1.0,0,1,0,0,1,0,0,1,0,0,0,1,0,1,1,0,0,0,0,132,Control,High,0.25,0.75,0.0,1.0
132,1,33,88.0,doctorate,right,1.0,0,1,0,0,1,0,0,1,0,0,0,1,0,1,1,0,0,0,0,132,Control,Low,0.5,0.0,1.0,0.5
133,1,35,41.0,graduateSchool,none,0.0,0,0,0,1,1,0,1,0,0,0,0,0,0,0,0,0,0,1,1,133,Treatment,High,0.5,0.4,1.0,0.5
133,1,35,41.0,graduateSchool,none,0.0,0,0,0,1,1,0,1,0,0,0,0,0,0,0,0,0,0,1,1,133,Treatment,Low,0.0,0.8,1.0,1.0
134,1,39,76.0,none,centreRight,1.0,1,0,0,0,0,0,0,0,0,0,0,1,0,1,0,0,1,0,0,134,Treatment,High,0.5,0.0,0.0,0.5
134,1,39,76.0,none,centreRight,1.0,1,0,0,0,0,0,0,0,0,0,0,1,0,1,0,0,1,0,0,134,Treatment,Low,0.0,0.5,0.5,0.0
135,1,4,45.0,NA,left,0.0,0,0,0,1,0,0,0,0,0,0,0,1,0,1,0,0,0,0,0,135,Treatment,High,0.5,0.0,1.0,0.0
135,1,4,45.0,NA,left,0.0,0,0,0,1,0,0,0,0,0,0,0,1,0,1,0,0,0,0,0,135,Treatment,Low,0.6666666666666666,0.8333333333333334,0.0,1.0
137,1,13,119.0,graduateSchool,centre,0.0,1,1,0,0,0,0,1,0,0,0,0,0,0,0,0,0,1,0,0,137,Control,High,0.25,0.5,0.0,0.5
137,1,13,119.0,graduateSchool,centre,0.0,1,1,0,0,0,0,1,0,0,0,0,0,0,0,0,0,1,0,0,137,Control,Low,0.75,0.3333333333333333,0.0,0.0
138,1,14,77.0,NA,left,1.0,1,0,1,0,0,1,0,0,0,0,0,0,0,1,0,0,1,0,0,138,Treatment,High,0.5,0.3333333333333333,0.5,0.0
138,1,14,77.0,NA,left,1.0,1,0,1,0,0,1,0,0,0,0,0,0,0,1,0,0,1,0,0,138,Treatment,Low,0.5,1.0,0.0,0.5
139,1,89,101.0,none,left,0.0,1,0,1,0,0,0,0,1,0,0,0,0,0,0,0,0,0,1,0,139,Control,High,1.0,0.5,0.0,0.6666666666666666
139,1,89,101.0,none,left,0.0,1,0,1,0,0,0,0,1,0,0,0,0,0,0,0,0,0,1,0,139,Control,Low,1.0,0.6666666666666666,0.0,0.6666666666666666
140,1,97,52.0,secondary,centreLeft,1.0,0,1,1,0,0,0,0,0,0,0,1,0,1,0,0,1,0,0,0,140,Treatment,High,1.0,0.0,1.0,0.6666666666666666
140,1,97,52.0,secondary,centreLeft,1.0,0,1,1,0,0,0,0,0,0,0,1,0,1,0,0,1,0,0,0,140,Treatment,Low,1.0,0.4,1.0,0.5
142,1,74,121.0,communityCollege,centreRight,1.0,0,1,0,0,0,0,0,1,0,0,0,0,0,0,0,0,1,1,0,142,Control,High,0.5,0.75,1.0,0.0
142,1,74,121.0,communityCollege,centreRight,1.0,0,1,0,0,0,0,0,1,0,0,0,0,0,0,0,0,1,1,0,142,Control,Low,1.0,0.25,0.6666666666666666,0.0
143,1,97,125.0,none,none,0.0,0,0,1,0,1,0,0,1,0,0,1,0,1,0,1,0,0,0,0,143,Treatment,High,1.0,0.5,0.0,0.0
143,1,97,125.0,none,none,0.0,0,0,1,0,1,0,0,1,0,0,1,0,1,0,1,0,0,0,0,143,Treatment,Low,0.5,0.3333333333333333,0.5,1.0
145,1,20,81.0,none,0,1.0,0,0,1,1,0,1,0,0,0,0,0,0,0,0,0,0,0,1,0,145,Treatment,High,1.0,0.4,0.0,0.0
145,1,20,81.0,none,0,1.0,0,0,1,1,0,1,0,0,0,0,0,0,0,0,0,0,0,1,0,145,Treatment,Low,0.0,0.5,0.0,0.0
146,1,52,71.0,undergrad,centre,1.0,1,1,0,0,0,0,0,0,0,1,0,0,1,0,0,1,0,0,0,146,Treatment,High,0.0,0.3333333333333333,0.0,0.0
146,1,52,71.0,undergrad,centre,1.0,1,1,0,0,0,0,0,0,0,1,0,0,1,0,0,1,0,0,0,146,Treatment,Low,0.5,0.5714285714285714,0.0,0.0
147,1,5,56.0,highSchool,0,0.0,0,0,1,1,0,0,0,0,0,0,1,0,0,0,0,1,0,1,0,147,Treatment,High,0.6,0.3333333333333333,1.0,0.0
147,1,5,56.0,highSchool,0,0.0,0,0,1,1,0,0,0,0,0,0,1,0,0,0,0,1,0,1,0,147,Treatment,Low,0.0,0.25,1.0,0.5
150,1,86,38.0,communityCollege,none,0.0,0,1,0,1,0,0,0,0,0,1,1,0,1,1,0,0,0,0,0,150,Control,High,0.3333333333333333,0.0,0.0,1.0
150,1,86,38.0,communityCollege,none,0.0,0,1,0,1,0,0,0,0,0,1,1,0,1,1,0,0,0,0,0,150,Control,Low,0.6666666666666666,0.6666666666666666,1.0,0.0
151,1,89,124.0,NA,centreLeft,1.0,0,1,0,0,0,1,1,0,0,0,0,0,0,0,0,1,0,1,0,151,Control,High,0.16666666666666666,1.0,0.0,1.0
151,1,89,124.0,NA,centreLeft,1.0,0,1,0,0,0,1,1,0,0,0,0,0,0,0,0,1,0,1,0,151,Control,Low,0.0,0.6666666666666666,0.0,1.0
152,1,59,64.0,doctorate,none,1.0,0,0,1,0,0,0,0,0,0,0,1,1,0,0,0,0,0,0,1,152,Control,High,0.3333333333333333,0.3333333333333333,0.5,1.0
152,1,59,64.0,doctorate,none,1.0,0,0,1,0,0,0,0,0,0,0,1,1,0,0,0,0,0,0,1,152,Control,Low,0.6,1.0,0.0,0.0
153,1,90,118.0,doctorate,centre,0.0,1,0,0,1,0,0,1,0,0,1,0,0,1,0,1,0,0,0,0,153,Treatment,High,0.0,0.75,0.5,0.0
153,1,90,118.0,doctorate,centre,0.0,1,0,0,1,0,0,1,0,0,1,0,0,1,0,1,0,0,0,0,153,Treatment,Low,0.2,0.0,0.0,0.5
154,1,92,66.0,graduateSchool,centre,0.0,0,0,1,0,0,0,0,0,0,0,0,1,0,1,0,0,0,0,0,154,Control,High,0.0,1.0,1.0,0.3333333333333333
154,1,92,66.0,graduateSchool,centre,0.0,0,0,1,0,0,0,0,0,0,0,0,1,0,1,0,0,0,0,0,154,Control,Low,0.0,0.6,1.0,0.0
155,1,9,31.0,NA,centreLeft,0.0,1,0,1,0,0,0,0,1,1,0,0,0,1,0,0,0,0,0,0,155,Control,High,0.5,0.25,0.0,0.0
155,1,9,31.0,NA,centreLeft,0.0,1,0,1,0,0,0,0,1,1,0,0,0,1,0,0,0,0,0,0,155,Control,Low,0.3333333333333333,0.8333333333333334,1.0,0.0
157,1,83,62.0,NA,centreLeft,0.0,0,1,0,0,0,0,1,0,0,0,0,0,0,0,1,0,0,1,0,157,Control,High,0.75,0.25,1.0,0.0
157,1,83,62.0,NA,centreLeft,0.0,0,1,0,0,0,0,1,0,0,0,0,0,0,0,1,0,0,1,0,157,Control,Low,0.0,0.8,0.0,1.0
159,1,7,47.0,NA,left,0.0,0,0,1,0,0,0,0,0,1,0,0,1,0,1,0,0,0,0,0,159,Treatment,High,0.75,0.0,1.0,1.0
159,1,7,47.0,NA,left,0.0,0,0,1,0,0,0,0,0,1,0,0,1,0,1,0,0,0,0,0,159,Treatment,Low,0.4,0.6666666666666666,0.0,0.0
160,1,19,34.0,highSchool,centreRight,0.0,0,1,1,0,0,1,0,0,0,0,1,0,0,0,0,1,0,1,0,160,Control,High,0.5,0.3333333333333333,0.0,0.0
160,1,19,34.0,highSchool,centreRight,0.0,0,1,1,0,0,1,0,0,0,0,1,0,0,0,0,1,0,1,0,160,Control,Low,0.6666666666666666,0.5,1.0,1.0
161,1,9,70.0,NA,left,1.0,0,0,0,1,1,0,0,0,0,0,0,1,0,0,0,0,1,1,0,161,Treatment,High,0.6,0.3333333333333333,1.0,1.0
161,1,9,70.0,NA,left,1.0,0,0,0,1,1,0,0,0,0,0,0,1,0,0,0,0,1,1,0,161,Treatment,Low,0.2,1.0,0.0,0.0
164,1,29,87.0,communityCollege,right,1.0,1,0,0,0,0,1,0,1,0,0,0,0,0,0,1,0,0,0,1,164,Control,High,0.3333333333333333,0.25,0.5,0.0
164,1,29,87.0,communityCollege,right,1.0,1,0,0,0,0,1,0,1,0,0,0,0,0,0,1,0,0,0,1,164,Control,Low,0.6666666666666666,0.8,0.0,0.5
165,1,5,138.0,highSchool,left,0.0,1,1,0,0,0,0,0,0,1,0,0,0,0,1,1,0,0,0,0,165,Treatment,High,0.6666666666666666,0.4,0.5,0.0
165,1,5,138.0,highSchool,left,0.0,1,1,0,0,0,0,0,0,1,0,0,0,0,1,1,0,0,0,0,165,Treatment,Low,0.4,1.0,1.0,0.0
166,1,56,134.0,doctorate,centre,1.0,0,0,0,1,0,0,0,1,0,0,0,0,0,0,0,1,0,0,0,166,Control,High,1.0,0.3333333333333333,0.25,1.0
166,1,56,134.0,doctorate,centre,1.0,0,0,0,1,0,0,0,1,0,0,0,0,0,0,0,1,0,0,0,166,Control,Low,0.5,0.5,0.0,0.6
167,1,63,38.0,communityCollege,none,1.0,1,0,1,0,0,0,0,0,1,0,1,0,0,0,0,0,0,0,1,167,Treatment,High,0.6666666666666666,0.25,0.0,1.0
167,1,63,38.0,communityCollege,none,1.0,1,0,1,0,0,0,0,0,1,0,1,0,0,0,0,0,0,0,1,167,Treatment,Low,0.6,1.0,1.0,0.5
168,1,86,87.0,graduateSchool,none,0.0,1,0,0,0,1,1,1,0,0,0,0,0,0,0,0,1,1,0,0,168,Treatment,High,0.6,1.0,0.0,0.3333333333333333
168,1,86,87.0,graduateSchool,none,0.0,1,0,0,0,1,1,1,0,0,0,0,0,0,0,0,1,1,0,0,168,Treatment,Low,0.8,0.5,0.0,1.0
169,1,96,42.0,none,left,1.0,1,0,0,1,0,0,0,0,1,1,0,0,0,0,0,1,0,1,0,169,Treatment,High,1.0,1.0,0.0,0.75
169,1,96,42.0,none,left,1.0,1,0,0,1,0,0,0,0,1,1,0,0,0,0,0,1,0,1,0,169,Treatment,Low,0.0,0.7142857142857143,0.0,0.5
170,1,71,111.0,graduateSchool,centreRight,1.0,1,1,0,0,0,0,1,0,1,0,0,0,0,1,1,0,0,0,0,170,Control,High,0.8333333333333334,0.0,0.0,0.5
170,1,71,111.0,graduateSchool,centreRight,1.0,1,1,0,0,0,0,1,0,1,0,0,0,0,1,1,0,0,0,0,170,Control,Low,1.0,1.0,0.5,1.0
171,1,30,65.0,highSchool,0,1.0,0,0,1,0,1,0,0,0,1,0,0,1,0,0,0,1,0,0,0,171,Treatment,High,0.6666666666666666,0.0,1.0,0.0
171,1,30,65.0,highSchool,0,1.0,0,0,1,0,1,0,0,0,1,0,0,1,0,0,0,1,0,0,0,171,Treatment,Low,0.3333333333333333,0.5,1.0,0.5
172,1,96,63.0,NA,left,0.0,0,0,1,0,0,0,1,0,0,0,0,1,0,0,0,1,0,1,0,172,Control,High,0.0,0.0,1.0,0.4
172,1,96,63.0,NA,left,0.0,0,0,1,0,0,0,1,0,0,0,0,1,0,0,0,1,0,1,0,172,Control,Low,0.0,0.6666666666666666,1.0,1.0
173,1,93,118.0,communityCollege,left,1.0,0,0,0,1,1,0,0,1,0,0,0,0,0,0,0,0,0,1,1,173,Control,High,0.6666666666666666,0.8333333333333334,0.0,0.0
173,1,93,118.0,communityCollege,left,1.0,0,0,0,1,1,0,0,1,0,0,0,0,0,0,0,0,0,1,1,173,Control,Low,0.5,0.8571428571428571,0.0,1.0
176,1,65,27.0,doctorate,0,1.0,0,1,0,0,0,0,0,0,0,0,1,0,0,0,0,0,0,1,0,176,Treatment,High,0.75,1.0,0.6666666666666666,1.0
176,1,65,27.0,doctorate,0,1.0,0,1,0,0,0,0,0,0,0,0,1,0,0,0,0,0,0,1,0,176,Treatment,Low,0.0,0.7142857142857143,1.0,0.0
177,1,24,139.0,secondary,right,0.0,0,0,0,1,0,0,0,1,1,0,0,0,0,1,1,0,0,0,0,177,Control,High,0.7142857142857143,0.0,1.0,0.0
177,1,24,139.0,secondary,right,0.0,0,0,0,1,0,0,0,1,1,0,0,0,0,1,1,0,0,0,0,177,Control,Low,0.0,1.0,0.0,1.0
178,1,13,99.0,highSchool,centre,0.0,0,0,0,0,1,0,0,0,0,1,0,0,0,1,1,0,0,0,0,178,Treatment,High,0.75,0.0,0.0,1.0
178,1,13,99.0,highSchool,centre,0.0,0,0,0,0,1,0,0,0,0,1,0,0,0,1,1,0,0,0,0,178,Treatment,Low,0.2,0.0,1.0,1.0
179,1,41,112.0,doctorate,centreLeft,1.0,0,0,0,0,0,0,0,0,0,0,1,0,1,0,1,0,0,0,0,179,Control,High,0.5,0.4,0.0,0.0
179,1,41,112.0,doctorate,centreLeft,1.0,0,0,0,0,0,0,0,0,0,0,1,0,1,0,1,0,0,0,0,179,Control,Low,0.5,0.75,0.0,1.0
181,1,58,73.0,doctorate,centre,0.0,0,0,1,0,0,0,0,0,0,1,0,0,0,0,1,0,0,0,1,181,Treatment,High,1.0,1.0,0.0,0.0
181,1,58,73.0,doctorate,centre,0.0,0,0,1,0,0,0,0,0,0,1,0,0,0,0,1,0,0,0,1,181,Treatment,Low,0.6666666666666666,0.5,0.0,0.6666666666666666
184,1,24,107.0,doctorate,right,0.0,0,0,0,0,1,0,1,0,0,0,0,0,0,1,0,0,1,0,0,184,Treatment,High,0.6,0.6666666666666666,1.0,0.0
184,1,24,107.0,doctorate,right,0.0,0,0,0,0,1,0,1,0,0,0,0,0,0,1,0,0,1,0,0,184,Treatment,Low,0.0,0.6666666666666666,0.2,0.0
185,1,91,67.0,doctorate,right,1.0,0,1,0,0,1,0,0,0,1,0,0,1,0,1,0,0,0,0,1,185,Treatment,High,0.5,0.5,0.0,0.5
185,1,91,67.0,doctorate,right,1.0,0,1,0,0,1,0,0,0,1,0,0,1,0,1,0,0,0,0,1,185,Treatment,Low,0.5,1.0,0.0,1.0
186,1,55,130.0,highSchool,none,0.0,0,1,0,0,0,0,0,0,1,0,0,1,0,1,0,0,0,0,0,186,Control,High,0.5,0.2,1.0,1.0
186,1,55,130.0,highSchool,none,0.0,0,1,0,0,0,0,0,0,1,0,0,1,0,1,0,0,0,0,0,186,Control,Low,0.5,0.6,0.0,0.5
188,1,90,130.0,doctorate,centre,1.0,0,0,0,0,0,0,0,0,0,0,0,1,1,0,1,0,0,0,0,188,Control,High,1.0,0.5,0.5,0.8
188,1,90,130.0,doctorate,centre,1.0,0,0,0,0,0,0,0,0,0,0,0,1,1,0,1,0,0,0,0,188,Control,Low,0.6,1.0,0.5,0.5
189,1,68,72.0,NA,centre,0.0,0,0,1,0,0,1,0,0,0,0,0,0,0,0,0,1,0,1,0,189,Treatment,High,0.6666666666666666,0.0,1.0,1.0
189,1,68,72.0,NA,centre,0.0,0,0,1,0,0,1,0,0,0,0,0,0,0,0,0,1,0,1,0,189,Treatment,Low,0.0,0.6666666666666666,0.0,0.3333333333333333
190,1,64,114.0,none,none,0.0,0,0,0,0,1,0,0,0,0,0,1,1,0,1,0,0,0,0,1,190,Treatment,High,0.3333333333333333,1.0,0.0,0.6
190,1,64,114.0,none,none,0.0,0,0,0,0,1,0,0,0,0,0,1,1,0,1,0,0,0,0,1,190,Treatment,Low,0.25,1.0,0.0,0.5
191,1,69,45.0,doctorate,centreLeft,1.0,0,0,0,0,0,0,1,0,0,0,0,1,1,0,0,0,0,0,0,191,Treatment,High,0.6666666666666666,0.75,1.0,0.5
191,1,69,45.0,doctorate,centreLeft,1.0,0,0,0,0,0,0,1,0,0,0,0,1,1,0,0,0,0,0,0,191,Treatment,Low,0.0,0.8333333333333334,0.0,0.0
192,1,78,76.0,undergrad,right,1.0,0,1,0,1,0,0,1,0,0,0,0,0,0,0,0,0,1,0,0,192,Control,High,0.6,1.0,0.75,0.0
192,1,78,76.0,undergrad,right,1.0,0,1,0,1,0,0,1,0,0,0,0,0,0,0,0,0,1,0,0,192,Control,Low,0.0,1.0,0.0,1.0
193,1,15,111.0,secondary,centre,1.0,1,0,0,0,1,0,0,1,1,0,0,0,1,0,0,0,0,0,0,193,Control,High,0.0,0.3333333333333333,0.0,0.6666666666666666
193,1,15,111.0,secondary,centre,1.0,1,0,0,0,1,0,0,1,1,0,0,0,1,0,0,0,0,0,0,193,Control,Low,0.5,0.8,0.0,1.0
194,1,58,114.0,secondary,0,0.0,0,0,1,0,0,0,0,0,0,1,1,0,0,0,0,0,1,0,0,194,Treatment,High,1.0,0.0,1.0,0.0
194,1,58,114.0,secondary,0,0.0,0,0,1,0,0,0,0,0,0,1,1,0,0,0,0,0,1,0,0,194,Treatment,Low,0.6666666666666666,1.0,0.0,1.0
195,1,19,88.0,doctorate,centreRight,1.0,0,0,0,0,1,1,0,1,0,0,0,0,0,0,1,1,0,0,0,195,Treatment,High,0.75,0.6666666666666666,1.0,0.5
195,1,19,88.0,doctorate,centreRight,1.0,0,0,0,0,1,1,0,1,0,0,0,0,0,0,1,1,0,0,0,195,Treatment,Low,0.0,0.6666666666666666,0.0,0.0
196,1,1,111.0,none,none,1.0,0,1,0,0,0,0,0,1,1,0,0,0,1,0,0,0,0,0,0,196,Control,High,0.2,0.25,0.0,0.0
196,1,1,111.0,none,none,1.0,0,1,0,0,0,0,0,1,1,0,0,0,1,0,0,0,0,0,0,196,Control,Low,1.0,0.4,0.3333333333333333,0.0
197,1,89,71.0,secondary,right,1.0,0,1,0,1,0,1,0,0,0,0,1,0,0,0,0,0,0,1,1,197,Treatment,High,1.0,0.25,0.6666666666666666,0.0
197,1,89,71.0,secondary,right,1.0,0,1,0,1,0,1,0,0,0,0,1,0,0,0,0,0,0,1,1,197,Treatment,Low,0.0,0.75,1.0,1.0
198,1,6,20.0,secondary,none,1.0,0,0,1,0,0,1,0,0,0,1,0,0,0,0,0,0,1,1,0,198,Treatment,High,0.6,0.6666666666666666,0.5,0.0
198,1,6,20.0,secondary,none,1.0,0,0,1,0,0,1,0,0,0,1,0,0,0,0,0,0,1,1,0,198,Treatment,Low,0.14285714285714285,1.0,0.0,1.0
199,1,13,34.0,undergrad,centre,1.0,0,1,1,0,0,0,0,1,0,0,1,0,0,1,0,0,0,0,1,199,Treatment,High,0.6666666666666666,0.0,1.0,0.5
199,1,13,34.0,undergrad,centre,1.0,0,1,1,0,0,0,0,1,0,0,1,0,0,1,0,0,0,0,1,199,Treatment,Low,0.8,1.0,0.0,0.75
200,1,3,100.0,communityCollege,left,1.0,0,1,0,0,0,0,0,1,0,0,0,0,0,1,0,0,0,0,0,200,Treatment,High,1.0,0.5,0.0,0.5
200,1,3,100.0,communityCollege,left,1.0,0,1,0,0,0,0,0,1,0,0,0,0,0,1,0,0,0,0,0,200,Treatment,Low,0.25,0.25,0.0,0.0
201,1,16,55.0,graduateSchool,centreLeft,1.0,0,0,0,0,1,0,0,0,1,0,0,0,0,0,0,0,1,1,0,201,Control,High,0.75,0.5,0.6666666666666666,0.0
201,1,16,55.0,graduateSchool,centreLeft,1.0,0,0,0,0,1,0,0,0,1,0,0,0,0,0,0,0,1,1,0,201,Control,Low,1.0,0.2,0.0,0.0
203,1,41,147.0,secondary,left,1.0,0,1,0,0,0,0,0,1,0,1,0,0,1,0,0,0,0,0,0,203,Control,High,0.75,0.5,0.0,0.5
203,1,41,147.0,secondary,left,1.0,0,1,0,0,0,0,0,1,0,1,0,0,1,0,0,0,0,0,0,203,Control,Low,0.75,0.25,0.5,0.0
204,1,71,22.0,doctorate,none,0.0,0,0,1,1,0,0,1,0,0,0,0,0,1,0,0,0,0,0,0,204,Treatment,High,1.0,0.5,0.6666666666666666,1.0
204,1,71,22.0,doctorate,none,0.0,0,0,1,1,0,0,1,0,0,0,0,0,1,0,0,0,0,0,0,204,Treatment,Low,0.4,0.5,0.6666666666666666,0.0
205,1,52,61.0,highSchool,centreRight,1.0,0,0,0,0,1,0,0,0,0,0,1,0,0,0,0,0,1,0,0,205,Control,High,0.0,0.25,0.0,0.3333333333333333
205,1,52,61.0,highSchool,centreRight,1.0,0,0,0,0,1,0,0,0,0,0,1,0,0,0,0,0,1,0,0,205,Control,Low,0.0,0.6666666666666666,0.5,0.5
206,1,38,121.0,communityCollege,right,1.0,0,1,0,1,0,0,1,0,0,0,0,0,0,0,0,1,0,0,1,206,Treatment,High,1.0,0.3333333333333333,0.0,0.0
206,1,38,121.0,communityCollege,right,1.0,0,1,0,1,0,0,1,0,0,0,0,0,0,0,0,1,0,0,1,206,Treatment,Low,0.5,1.0,0.5,0.5
207,1,13,77.0,secondary,0,0.0,0,0,1,0,0,0,0,0,0,0,0,1,1,0,0,0,1,0,0,207,Treatment,High,0.3333333333333333,0.2,0.0,1.0
207,1,13,77.0,secondary,0,0.0,0,0,1,0,0,0,0,0,0,0,0,1,1,0,0,0,1,0,0,207,Treatment,Low,0.25,0.6,0.0,1.0
208,1,90,142.0,none,left,1.0,0,0,0,1,1,0,0,0,0,1,0,1,0,0,0,1,0,0,0,208,Treatment,High,0.6666666666666666,0.25,0.0,0.5
208,1,90,142.0,none,left,1.0,0,0,0,1,1,0,0,0,0,1,0,1,0,0,0,1,0,0,0,208,Treatment,Low,0.16666666666666666,0.0,1.0,1.0
209,1,28,103.0,NA,centreRight,1.0,1,1,0,0,0,0,0,1,1,0,0,0,0,0,0,1,0,0,1,209,Treatment,High,1.0,0.5,1.0,1.0
209,1,28,103.0,NA,centreRight,1.0,1,1,0,0,0,0,0,1,1,0,0,0,0,0,0,1,0,0,1,209,Treatment,Low,0.4,1.0,1.0,0.0
210,1,29,20.0,secondary,centre,0.0,0,0,0,0,1,0,0,0,0,0,0,0,0,0,0,0,1,0,0,210,Control,High,1.0,0.5,0.0,0.0
210,1,29,20.0,secondary,centre,0.0,0,0,0,0,1,0,0,0,0,0,0,0,0,0,0,0,1,0,0,210,Control,Low,0.5,1.0,1.0,0.5
211,1,80,53.0,secondary,centreLeft,1.0,0,0,1,1,0,0,0,0,0,0,1,0,0,0,0,0,1,0,0,211,Treatment,High,0.875,1.0,1.0,0.0
211,1,80,53.0,secondary,centreLeft,1.0,0,0,1,1,0,0,0,0,0,0,1,0,0,0,0,0,1,0,0,211,Treatment,Low,0.0,0.8,0.0,1.0
213,1,98,18.0,NA,left,0.0,0,1,0,0,0,1,0,0,0,0,0,0,1,0,0,0,0,0,0,213,Treatment,High,0.6666666666666666,0.0,0.6666666666666666,0.0
213,1,98,18.0,NA,left,0.0,0,1,0,0,0,1,0,0,0,0,0,0,1,0,0,0,0,0,0,213,Treatment,Low,0.2,1.0,0.0,0.0
214,1,6,133.0,0,left,1.0,1,0,0,1,0,0,0,0,0,0,1,1,1,0,0,0,1,0,0,214,Treatment,High,1.0,0.4,0.0,0.5
214,1,6,133.0,0,left,1.0,1,0,0,1,0,0,0,0,0,0,1,1,1,0,0,0,1,0,0,214,Treatment,Low,0.5,1.0,0.75,0.0
215,1,69,62.0,highSchool,none,1.0,1,0,0,1,0,0,0,0,0,1,0,0,0,0,0,1,0,0,1,215,Control,High,0.5,0.3333333333333333,0.0,1.0
215,1,69,62.0,highSchool,none,1.0,1,0,0,1,0,0,0,0,0,1,0,0,0,0,0,1,0,0,1,215,Control,Low,0.3333333333333333,0.5,0.0,1.0
216,1,19,138.0,doctorate,centreLeft,0.0,0,1,1,0,0,0,0,0,1,0,0,0,0,0,1,1,0,0,0,216,Control,High,0.75,0.25,1.0,0.0
216,1,19,138.0,doctorate,centreLeft,0.0,0,1,1,0,0,0,0,0,1,0,0,0,0,0,1,1,0,0,0,216,Control,Low,0.0,0.5,0.5,0.0
217,1,79,137.0,doctorate,none,0.0,0,0,0,1,0,0,1,0,0,0,0,0,1,1,0,0,0,0,0,217,Control,High,0.4,0.0,0.0,1.0
217,1,79,137.0,doctorate,none,0.0,0,0,0,1,0,0,1,0,0,0,0,0,1,1,0,0,0,0,0,217,Control,Low,0.0,0.6666666666666666,0.5,0.0
218,1,99,61.0,doctorate,0,1.0,1,0,0,0,1,0,0,0,0,0,1,0,0,0,0,1,0,1,0,218,Control,High,0.5,0.5,0.0,0.5
218,1,99,61.0,doctorate,0,1.0,1,0,0,0,1,0,0,0,0,0,1,0,0,0,0,1,0,1,0,218,Control,Low,0.75,0.0,1.0,0.0
219,1,45,138.0,none,none,0.0,0,0,0,1,1,0,0,0,0,0,1,0,0,0,0,1,0,0,0,219,Treatment,High,0.5,1.0,1.0,0.0
219,1,45,138.0,none,none,0.0,0,0,0,1,1,0,0,0,0,0,1,0,0,0,0,1,0,0,0,219,Treatment,Low,0.25,1.0,0.0,0.3333333333333333
220,1,9,135.0,doctorate,left,1.0,1,0,0,0,1,0,0,1,0,0,0,0,0,0,0,1,1,0,0,220,Control,High,0.5,0.5,1.0,0.0
220,1,9,135.0,doctorate,left,1.0,1,0,0,0,1,0,0,1,0,0,0,0,0,0,0,1,1,0,0,220,Control,Low,0.5,0.0,0.0,1.0
221,1,2,107.0,NA,centre,1.0,0,0,0,1,0,0,0,0,0,0,0,1,0,0,0,0,1,0,0,221,Control,High,1.0,0.6,0.5,0.0
221,1,2,107.0,NA,centre,1.0,0,0,0,1,0,0,0,0,0,0,0,1,0,0,0,0,1,0,0,221,Control,Low,0.3333333333333333,0.4,0.0,0.0
222,1,96,110.0,graduateSchool,right,1.0,0,1,0,1,0,1,0,0,0,0,1,0,1,0,0,0,1,0,0,222,Control,High,0.0,0.6,1.0,0.0
222,1,96,110.0,graduateSchool,right,1.0,0,1,0,1,0,1,0,0,0,0,1,0,1,0,0,0,1,0,0,222,Control,Low,0.25,0.3333333333333333,0.3333333333333333,0.0
223,1,53,32.0,none,none,0.0,0,1,0,0,0,0,0,0,0,0,1,0,1,0,0,0,0,0,1,223,Control,High,0.5,0.4,0.5,0.0
223,1,53,32.0,none,none,0.0,0,1,0,0,0,0,0,0,0,0,1,0,1,0,0,0,0,0,1,223,Control,Low,0.6666666666666666,1.0,0.5,0.0
224,1,97,129.0,graduateSchool,none,0.0,1,0,0,1,0,0,0,0,1,0,0,0,0,0,0,1,0,0,0,224,Treatment,High,1.0,0.375,0.0,1.0
224,1,97,129.0,graduateSchool,none,0.0,1,0,0,1,0,0,0,0,1,0,0,0,0,0,0,1,0,0,0,224,Treatment,Low,0.5,1.0,0.0,0.3333333333333333
225,1,68,66.0,secondary,left,0.0,0,1,0,0,0,0,0,1,0,1,0,0,0,0,0,1,0,0,0,225,Treatment,High,0.6,0.0,0.0,1.0
225,1,68,66.0,secondary,left,0.0,0,1,0,0,0,0,0,1,0,1,0,0,0,0,0,1,0,0,0,225,Treatment,Low,0.0,1.0,1.0,0.5
228,1,32,131.0,doctorate,none,1.0,0,0,0,0,1,1,0,0,0,0,0,0,0,0,0,0,0,0,1,228,Control,High,0.2,0.5,0.6666666666666666,0.0
228,1,32,131.0,doctorate,none,1.0,0,0,0,0,1,1,0,0,0,0,0,0,0,0,0,0,0,0,1,228,Control,Low,1.0,0.5,0.5,0.5
229,1,61,52.0,none,centre,1.0,1,0,0,0,1,1,0,0,1,0,0,0,0,0,0,0,0,0,1,229,Treatment,High,0.75,0.4,0.0,1.0
229,1,61,52.0,none,centre,1.0,1,0,0,0,1,1,0,0,1,0,0,0,0,0,0,0,0,0,1,229,Treatment,Low,0.0,1.0,0.5,1.0
230,1,75,122.0,secondary,right,1.0,1,0,0,0,1,0,1,0,0,0,1,0,0,0,0,1,0,0,1,230,Control,High,1.0,0.5,0.0,0.5
230,1,75,122.0,secondary,right,1.0,1,0,0,0,1,0,1,0,0,0,1,0,0,0,0,1,0,0,1,230,Control,Low,0.3333333333333333,1.0,1.0,1.0
231,1,1,40.0,secondary,0,0.0,0,0,1,0,0,0,0,1,0,0,0,0,0,1,0,0,1,0,0,231,Treatment,High,1.0,0.0,0.5,1.0
231,1,1,40.0,secondary,0,0.0,0,0,1,0,0,0,0,1,0,0,0,0,0,1,0,0,1,0,0,231,Treatment,Low,0.3333333333333333,0.8,0.0,1.0
232,1,84,134.0,communityCollege,left,1.0,0,0,1,0,1,0,0,0,0,0,1,0,0,0,0,0,0,0,1,232,Control,High,0.5,1.0,1.0,1.0
232,1,84,134.0,communityCollege,left,1.0,0,0,1,0,1,0,0,0,0,0,1,0,0,0,0,0,0,0,1,232,Control,Low,0.0,0.8,0.5,1.0
233,1,37,56.0,doctorate,left,0.0,1,1,0,0,0,0,0,0,0,1,1,0,0,1,0,0,0,0,0,233,Treatment,High,1.0,0.3333333333333333,0.0,0.5
233,1,37,56.0,doctorate,left,0.0,1,1,0,0,0,0,0,0,0,1,1,0,0,1,0,0,0,0,0,233,Treatment,Low,0.5,0.75,1.0,0.5
234,1,76,147.0,secondary,centre,1.0,0,1,1,0,0,0,0,0,0,0,1,0,0,0,0,0,0,0,1,234,Treatment,High,0.6666666666666666,0.5,1.0,1.0
234,1,76,147.0,secondary,centre,1.0,0,1,1,0,0,0,0,0,0,0,1,0,0,0,0,0,0,0,1,234,Treatment,Low,0.3333333333333333,0.5,0.0,0.0
236,1,26,47.0,communityCollege,0,1.0,0,0,0,0,1,0,0,1,0,0,0,1,0,0,1,0,0,1,0,236,Control,High,1.0,0.5,0.0,0.0
236,1,26,47.0,communityCollege,0,1.0,0,0,0,0,1,0,0,1,0,0,0,1,0,0,1,0,0,1,0,236,Control,Low,0.6666666666666666,1.0,0.5,1.0
237,1,18,92.0,undergrad,centreLeft,0.0,0,0,0,1,0,0,0,1,0,1,0,0,0,1,0,0,0,1,0,237,Treatment,High,0.75,0.0,1.0,0.0
237,1,18,92.0,undergrad,centreLeft,0.0,0,0,0,1,0,0,0,1,0,1,0,0,0,1,0,0,0,1,0,237,Treatment,Low,0.0,0.8333333333333334,0.0,0.0
238,1,20,31.0,communityCollege,none,0.0,0,0,0,1,0,0,1,0,0,0,0,0,0,0,0,1,0,0,0,238,Treatment,High,0.5,0.3333333333333333,0.0,0.75
238,1,20,31.0,communityCollege,none,0.0,0,0,0,1,0,0,1,0,0,0,0,0,0,0,0,1,0,0,0,238,Treatment,Low,0.25,1.0,0.0,0.0
239,1,69,141.0,graduateSchool,left,1.0,0,1,0,0,0,1,1,0,0,0,0,0,0,0,0,0,0,0,1,239,Treatment,High,1.0,0.6,0.0,0.25
239,1,69,141.0,graduateSchool,left,1.0,0,1,0,0,0,1,1,0,0,0,0,0,0,0,0,0,0,0,1,239,Treatment,Low,1.0,0.2857142857142857,0.0,1.0
240,1,41,98.0,highSchool,centreLeft,0.0,0,1,0,0,0,1,0,0,1,0,0,0,0,0,0,1,0,0,0,240,Treatment,High,0.8,0.3333333333333333,0.0,0.5
240,1,41,98.0,highSchool,centreLeft,0.0,0,1,0,0,0,1,0,0,1,0,0,0,0,0,0,1,0,0,0,240,Treatment,Low,0.6666666666666666,0.6666666666666666,0.0,0.0
241,1,17,26.0,doctorate,right,1.0,1,0,0,1,0,1,0,0,1,0,0,0,0,0,0,0,1,0,0,241,Control,High,0.6666666666666666,0.4,1.0,0.0
241,1,17,26.0,doctorate,right,1.0,1,0,0,1,0,1,0,0,1,0,0,0,0,0,0,0,1,0,0,241,Control,Low,1.0,0.4,0.0,0.3333333333333333
243,1,9,134.0,secondary,centreLeft,0.0,0,0,0,1,0,0,0,0,0,1,0,0,0,0,0,0,1,1,0,243,Control,High,1.0,0.5,0.0,0.75
243,1,9,134.0,secondary,centreLeft,0.0,0,0,0,1,0,0,0,0,0,1,0,0,0,0,0,0,1,1,0,243,Control,Low,0.5,0.5,0.3333333333333333,0.0
244,1,37,36.0,highSchool,centreLeft,1.0,0,0,0,0,0,0,0,1,0,1,0,0,0,0,0,1,0,0,1,244,Control,High,0.75,0.25,0.0,1.0
244,1,37,36.0,highSchool,centreLeft,1.0,0,0,0,0,0,0,0,1,0,1,0,0,0,0,0,1,0,0,1,244,Control,Low,0.0,0.0,0.0,0.5
245,1,11,41.0,none,centreLeft,0.0,0,0,1,1,0,0,0,1,0,0,0,0,1,0,0,0,0,0,1,245,Control,High,0.25,0.0,0.25,0.5
245,1,11,41.0,none,centreLeft,0.0,0,0,1,1,0,0,0,1,0,0,0,0,1,0,0,0,0,0,1,245,Control,Low,0.3333333333333333,0.5,0.75,1.0
246,1,18,118.0,communityCollege,centreLeft,1.0,1,0,0,0,0,0,0,0,1,1,0,0,0,0,0,0,0,1,0,246,Treatment,High,0.3333333333333333,0.16666666666666666,0.0,0.0
246,1,18,118.0,communityCollege,centreLeft,1.0,1,0,0,0,0,0,0,0,1,1,0,0,0,0,0,0,0,1,0,246,Treatment,Low,0.0,0.6666666666666666,0.0,0.5
247,1,11,147.0,secondary,centre,1.0,1,0,0,0,1,0,1,0,0,0,0,0,0,1,0,0,0,1,0,247,Treatment,High,0.8,0.5,1.0,0.0
247,1,11,147.0,secondary,centre,1.0,1,0,0,0,1,0,1,0,0,0,0,0,0,1,0,0,0,1,0,247,Treatment,Low,0.6666666666666666,0.8,0.0,0.5
248,1,79,135.0,NA,none,1.0,0,1,0,0,0,1,0,0,0,1,0,0,0,0,0,0,0,0,1,248,Control,High,0.6666666666666666,0.6666666666666666,0.3333333333333333,1.0
248,1,79,135.0,NA,none,1.0,0,1,0,0,0,1,0,0,0,1,0,0,0,0,0,0,0,0,1,248,Control,Low,0.25,0.5,0.5,1.0
249,1,63,133.0,graduateSchool,left,1.0,0,1,0,0,1,0,1,0,0,0,0,1,0,1,0,0,0,0,1,249,Treatment,High,0.3333333333333333,0.25,0.0,1.0
249,1,63,133.0,graduateSchool,left,1.0,0,1,0,0,1,0,1,0,0,0,0,1,0,1,0,0,0,0,1,249,Treatment,Low,0.0,0.75,1.0,0.0
250,1,18,18.0,undergrad,centreRight,0.0,1,0,1,0,0,0,0,0,0,1,0,0,0,0,0,0,0,0,1,250,Treatment,High,0.5,1.0,0.3333333333333333,0.0
250,1,18,18.0,undergrad,centreRight,0.0,1,0,1,0,0,0,0,0,0,1,0,0,0,0,0,0,0,0,1,250,Treatment,Low,0.25,1.0,0.5,0.0
251,1,100,144.0,highSchool,none,0.0,0,0,0,0,0,1,1,0,0,0,0,0,0,0,0,0,1,0,0,251,Treatment,High,1.0,0.42857142857142855,0.0,0.0
251,1,100,144.0,highSchool,none,0.0,0,0,0,0,0,1,1,0,0,0,0,0,0,0,0,0,1,0,0,251,Treatment,Low,0.0,1.0,0.0,0.8
253,1,82,114.0,undergrad,centreLeft,0.0,0,1,0,0,1,1,0,0,1,0,0,0,1,0,0,0,0,0,1,253,Treatment,High,0.25,0.0,0.0,0.3333333333333333
253,1,82,114.0,undergrad,centreLeft,0.0,0,1,0,0,1,1,0,0,1,0,0,0,1,0,0,0,0,0,1,253,Treatment,Low,1.0,1.0,0.6,0.0
254,1,7,136.0,communityCollege,centreRight,0.0,0,1,0,0,0,0,0,1,0,0,1,0,0,1,0,0,1,0,0,254,Treatment,High,0.0,0.0,0.5,0.3333333333333333
254,1,7,136.0,communityCollege,centreRight,0.0,0,1,0,0,0,0,0,1,0,0,1,0,0,1,0,0,1,0,0,254,Treatment,Low,0.25,0.6,0.0,0.0
256,1,79,103.0,doctorate,centreLeft,1.0,0,0,1,0,1,0,0,0,0,0,0,1,1,0,0,0,0,0,0,256,Treatment,High,1.0,0.8,0.6666666666666666,1.0
256,1,79,103.0,doctorate,centreLeft,1.0,0,0,1,0,1,0,0,0,0,0,0,1,1,0,0,0,0,0,0,256,Treatment,Low,0.25,1.0,1.0,0.0
257,1,36,141.0,doctorate,0,1.0,0,1,0,0,1,0,1,0,0,1,0,0,0,0,0,0,1,0,1,257,Control,High,0.75,0.0,1.0,0.6666666666666666
257,1,36,141.0,doctorate,0,1.0,0,1,0,0,1,0,1,0,0,1,0,0,0,0,0,0,1,0,1,257,Control,Low,0.2857142857142857,0.3333333333333333,0.0,0.0
259,1,42,135.0,graduateSchool,centre,0.0,1,1,0,0,0,1,0,0,1,0,0,0,1,0,0,0,0,0,0,259,Control,High,0.0,0.75,0.5,0.5
259,1,42,135.0,graduateSchool,centre,0.0,1,1,0,0,0,1,0,0,1,0,0,0,1,0,0,0,0,0,0,259,Control,Low,0.8,1.0,1.0,0.0
260,1,87,113.0,highSchool,left,1.0,0,0,1,0,0,1,0,0,1,0,0,0,0,0,0,1,0,0,0,260,Control,High,0.4,0.3333333333333333,0.0,0.0
260,1,87,113.0,highSchool,left,1.0,0,0,1,0,0,1,0,0,1,0,0,0,0,0,0,1,0,0,0,260,Control,Low,0.5,0.0,1.0,1.0
261,1,19,19.0,NA,right,1.0,0,1,1,0,0,0,0,0,0,0,0,1,0,0,0,0,0,1,0,261,Treatment,High,0.75,0.0,0.0,0.0
261,1,19,19.0,NA,right,1.0,0,1,1,0,0,0,0,0,0,0,0,1,0,0,0,0,0,1,0,261,Treatment,Low,0.4,0.75,0.0,1.0
262,1,30,35.0,undergrad,centre,0.0,0,1,1,0,0,0,0,0,0,1,0,0,0,0,0,0,0,1,0,262,Treatment,High,0.8,0.0,1.0,1.0
262,1,30,35.0,undergrad,centre,0.0,0,1,1,0,0,0,0,0,0,1,0,0,0,0,0,0,0,1,0,262,Treatment,Low,0.0,1.0,0.0,0.3333333333333333
263,1,41,143.0,highSchool,left,0.0,0,0,1,0,0,1,0,0,0,0,0,0,0,0,0,0,1,0,0,263,Treatment,High,0.6666666666666666,0.5,0.0,1.0
263,1,41,143.0,highSchool,left,0.0,0,0,1,0,0,1,0,0,0,0,0,0,0,0,0,0,1,0,0,263,Treatment,Low,0.0,0.8,0.0,0.3333333333333333
265,1,62,130.0,doctorate,centreRight,0.0,1,0,0,0,0,0,0,1,0,0,0,0,1,0,0,0,0,1,0,265,Treatment,High,0.0,0.3333333333333333,1.0,0.0
265,1,62,130.0,doctorate,centreRight,0.0,1,0,0,0,0,0,0,1,0,0,0,0,1,0,0,0,0,1,0,265,Treatment,Low,0.75,0.75,0.0,0.5
266,1,68,46.0,none,centreLeft,1.0,0,1,0,0,1,1,0,0,0,0,0,0,1,0,1,0,0,0,0,266,Treatment,High,0.25,0.25,1.0,1.0
266,1,68,46.0,none,centreLeft,1.0,0,1,0,0,1,1,0,0,0,0,0,0,1,0,1,0,0,0,0,266,Treatment,Low,0.5,0.6666666666666666,0.0,0.6666666666666666
267,1,45,107.0,none,centreLeft,0.0,0,1,0,0,0,1,1,0,0,0,0,0,0,0,0,0,0,1,0,267,Control,High,0.0,0.0,1.0,0.5
267,1,45,107.0,none,centreLeft,0.0,0,1,0,0,0,1,1,0,0,0,0,0,0,0,0,0,0,1,0,267,Control,Low,0.5,0.5,0.3333333333333333,1.0
268,1,20,27.0,highSchool,centreRight,1.0,0,0,1,1,0,0,0,0,1,0,0,1,0,0,1,0,1,0,0,268,Control,High,0.125,0.0,1.0,0.0
268,1,20,27.0,highSchool,centreRight,1.0,0,0,1,1,0,0,0,0,1,0,0,1,0,0,1,0,1,0,0,268,Control,Low,0.3333333333333333,0.75,0.0,0.5
269,1,84,90.0,secondary,centreLeft,0.0,0,0,1,1,0,1,1,0,0,0,0,0,0,0,0,0,1,0,0,269,Treatment,High,1.0,0.6666666666666666,0.0,0.5
269,1,84,90.0,secondary,centreLeft,0.0,0,0,1,1,0,1,1,0,0,0,0,0,0,0,0,0,1,0,0,269,Treatment,Low,0.0,0.8,0.0,0.0
271,1,58,106.0,none,centreLeft,1.0,1,0,0,0,1,0,0,1,1,0,0,0,0,1,0,0,0,0,0,271,Treatment,High,0.6666666666666666,0.5,0.0,0.0
271,1,58,106.0,none,centreLeft,1.0,1,0,0,0,1,0,0,1,1,0,0,0,0,1,0,0,0,0,0,271,Treatment,Low,0.6666666666666666,0.75,0.5,1.0
272,1,82,125.0,none,centreRight,0.0,1,0,0,0,0,0,0,0,1,0,1,0,0,1,0,0,0,0,0,272,Treatment,High,1.0,0.25,0.5,0.3333333333333333
272,1,82,125.0,none,centreRight,0.0,1,0,0,0,0,0,0,0,1,0,1,0,0,1,0,0,0,0,0,272,Treatment,Low,0.5,1.0,0.0,0.0
273,1,36,68.0,communityCollege,centreRight,1.0,0,0,0,1,0,1,0,0,0,1,0,0,0,0,1,0,0,1,0,273,Control,High,0.3333333333333333,0.3333333333333333,0.3333333333333333,1.0
273,1,36,68.0,communityCollege,centreRight,1.0,0,0,0,1,0,1,0,0,0,1,0,0,0,0,1,0,0,1,0,273,Control,Low,0.0,1.0,0.0,0.0
274,1,73,138.0,graduateSchool,centre,1.0,0,0,1,1,0,1,0,0,0,0,0,0,0,0,0,1,0,1,0,274,Control,High,0.75,0.4,0.0,0.0
274,1,73,138.0,graduateSchool,centre,1.0,0,0,1,1,0,1,0,0,0,0,0,0,0,0,0,1,0,1,0,274,Control,Low,0.5,1.0,0.0,0.3333333333333333
275,1,7,37.0,graduateSchool,left,1.0,0,0,1,0,1,1,1,0,0,0,0,0,1,0,0,1,0,0,0,275,Control,High,0.8,1.0,1.0,1.0
275,1,7,37.0,graduateSchool,left,1.0,0,0,1,0,1,1,1,0,0,0,0,0,1,0,0,1,0,0,0,275,Control,Low,0.0,0.4444444444444444,1.0,0.0
278,1,36,19.0,doctorate,left,1.0,0,1,0,1,0,0,0,0,0,1,1,0,1,0,0,0,0,0,0,278,Control,High,0.5,1.0,0.0,1.0
278,1,36,19.0,doctorate,left,1.0,0,1,0,1,0,0,0,0,0,1,1,0,1,0,0,0,0,0,0,278,Control,Low,0.0,0.6666666666666666,0.5,0.5
279,1,14,105.0,none,0,1.0,1,0,0,1,0,0,0,0,0,0,0,1,0,0,0,1,0,0,1,279,Treatment,High,0.5,0.5,0.5,0.0
279,1,14,105.0,none,0,1.0,1,0,0,1,0,0,0,0,0,0,0,1,0,0,0,1,0,0,1,279,Treatment,Low,0.25,0.6666666666666666,0.5,1.0
280,1,91,127.0,doctorate,centreRight,1.0,0,0,1,0,0,0,0,0,0,1,0,0,0,0,1,0,1,0,0,280,Treatment,High,1.0,0.25,0.0,1.0
280,1,91,127.0,doctorate,centreRight,1.0,0,0,1,0,0,0,0,0,0,1,0,0,0,0,1,0,1,0,0,280,Treatment,Low,0.0,0.75,1.0,1.0
282,1,9,38.0,0,right,0.0,0,0,1,0,0,1,0,0,1,0,0,0,0,0,0,0,1,0,1,282,Treatment,High,0.75,0.0,1.0,0.5
282,1,9,38.0,0,right,0.0,0,0,1,0,0,1,0,0,1,0,0,0,0,0,0,0,1,0,1,282,Treatment,Low,0.25,0.6666666666666666,0.0,0.0
283,1,45,108.0,undergrad,0,1.0,0,0,0,1,0,1,0,0,0,0,0,0,0,1,0,0,0,0,0,283,Control,High,0.6666666666666666,0.0,0.5,1.0
283,1,45,108.0,undergrad,0,1.0,0,0,0,1,0,1,0,0,0,0,0,0,0,1,0,0,0,0,0,283,Control,Low,0.6666666666666666,0.75,0.0,0.0
284,1,11,57.0,graduateSchool,centre,0.0,1,0,0,0,0,0,0,1,0,0,1,0,1,0,0,0,0,0,0,284,Treatment,High,0.75,0.5,0.0,0.0
284,1,11,57.0,graduateSchool,centre,0.0,1,0,0,0,0,0,0,1,0,0,1,0,1,0,0,0,0,0,0,284,Treatment,Low,0.0,0.75,1.0,1.0
285,1,78,27.0,communityCollege,left,0.0,0,0,0,1,0,0,0,0,1,0,0,0,0,1,0,0,0,0,0,285,Treatment,High,0.0,0.4,1.0,0.0
285,1,78,27.0,communityCollege,left,0.0,0,0,0,1,0,0,0,0,1,0,0,0,0,1,0,0,0,0,0,285,Treatment,Low,0.2,1.0,0.0,0.0
286,1,89,98.0,secondary,left,1.0,0,1,0,0,0,0,0,1,1,0,0,0,0,0,0,1,0,0,0,286,Treatment,High,0.5,0.75,0.0,1.0
286,1,89,98.0,secondary,left,1.0,0,1,0,0,0,0,0,1,1,0,0,0,0,0,0,1,0,0,0,286,Treatment,Low,0.0,0.6666666666666666,0.0,0.5
287,1,24,112.0,graduateSchool,centre,0.0,1,1,0,0,0,0,0,0,0,1,0,1,0,0,0,0,1,0,1,287,Control,High,1.0,0.3333333333333333,0.6666666666666666,0.5
287,1,24,112.0,graduateSchool,centre,0.0,1,1,0,0,0,0,0,0,0,1,0,1,0,0,0,0,1,0,1,287,Control,Low,0.25,0.0,0.0,0.0
288,1,45,135.0,doctorate,right,1.0,1,1,0,0,0,0,0,0,0,1,0,1,0,1,0,0,0,0,0,288,Treatment,High,0.5,0.25,1.0,0.0
288,1,45,135.0,doctorate,right,1.0,1,1,0,0,0,0,0,0,0,1,0,1,0,1,0,0,0,0,0,288,Treatment,Low,0.25,1.0,0.0,0.0
289,1,41,40.0,doctorate,right,1.0,0,0,1,0,1,0,0,0,1,0,0,0,0,0,1,1,0,0,0,289,Control,High,1.0,0.6,1.0,0.0
289,1,41,40.0,doctorate,right,1.0,0,0,1,0,1,0,0,0,1,0,0,0,0,0,1,1,0,0,0,289,Control,Low,0.6666666666666666,0.5,0.0,0.0
291,1,43,109.0,none,centre,0.0,0,0,0,0,1,0,0,1,0,0,0,0,0,1,0,1,0,0,0,291,Treatment,High,0.6666666666666666,0.0,0.3333333333333333,1.0
291,1,43,109.0,none,centre,0.0,0,0,0,0,1,0,0,1,0,0,0,0,0,1,0,1,0,0,0,291,Treatment,Low,0.0,1.0,0.5,0.5
292,1,11,40.0,doctorate,left,0.0,0,0,1,0,1,0,0,0,0,0,1,0,0,0,0,1,0,0,0,292,Treatment,High,0.75,0.5,0.0,0.6666666666666666
292,1,11,40.0,doctorate,left,0.0,0,0,1,0,1,0,0,0,0,0,1,0,0,0,0,1,0,0,0,292,Treatment,Low,0.2,0.75,0.0,0.0
293,1,51,134.0,graduateSchool,none,0.0,1,0,0,0,1,0,0,0,0,1,1,0,0,0,0,0,0,1,0,293,Treatment,High,0.75,0.0,0.0,1.0
293,1,51,134.0,graduateSchool,none,0.0,1,0,0,0,1,0,0,0,0,1,1,0,0,0,0,0,0,1,0,293,Treatment,Low,1.0,0.5,1.0,0.0
294,1,26,75.0,communityCollege,left,1.0,0,0,1,0,1,0,1,0,0,0,0,0,0,1,0,0,0,0,1,294,Treatment,High,0.3333333333333333,0.75,1.0,0.5
294,1,26,75.0,communityCollege,left,1.0,0,0,1,0,1,0,1,0,0,0,0,0,0,1,0,0,0,0,1,294,Treatment,Low,0.3333333333333333,0.5,1.0,0.0
295,1,75,39.0,graduateSchool,centreLeft,1.0,0,1,0,0,1,0,0,0,0,1,0,0,1,0,0,1,0,0,0,295,Treatment,High,0.8,0.0,0.0,1.0
295,1,75,39.0,graduateSchool,centreLeft,1.0,0,1,0,0,1,0,0,0,0,1,0,0,1,0,0,1,0,0,0,295,Treatment,Low,0.6,0.3333333333333333,0.5,0.0
296,1,6,149.0,communityCollege,right,1.0,0,0,1,0,0,0,0,0,1,0,0,1,1,0,0,0,0,1,0,296,Treatment,High,1.0,0.6666666666666666,0.0,0.0
296,1,6,149.0,communityCollege,right,1.0,0,0,1,0,0,0,0,0,1,0,0,1,1,0,0,0,0,1,0,296,Treatment,Low,0.5,0.75,0.5,0.0
297,1,99,18.0,secondary,centreLeft,1.0,0,0,0,0,1,1,0,0,0,0,1,0,0,0,1,0,0,0,1,297,Treatment,High,1.0,0.25,0.75,0.0
297,1,99,18.0,secondary,centreLeft,1.0,0,0,0,0,1,1,0,0,0,0,1,0,0,0,1,0,0,0,1,297,Treatment,Low,0.0,0.75,0.5,0.5
299,1,34,146.0,secondary,right,0.0,1,0,0,0,0,1,1,0,0,0,0,0,0,0,0,0,1,1,0,299,Control,High,0.75,0.6666666666666666,0.0,0.3333333333333333
299,1,34,146.0,secondary,right,0.0,1,0,0,0,0,1,1,0,0,0,0,0,0,0,0,0,1,1,0,299,Control,Low,0.25,0.25,0.0,0.0
301,1,43,145.0,0,none,0.0,1,0,0,0,1,0,0,0,1,0,0,0,1,0,0,1,0,0,0,301,Control,High,1.0,0.6666666666666666,0.0,0.5
301,1,43,145.0,0,none,0.0,1,0,0,0,1,0,0,0,1,0,0,0,1,0,0,1,0,0,0,301,Control,Low,0.3333333333333333,0.0,0.0,0.0
302,1,3,24.0,0,left,0.0,0,1,1,0,0,1,0,1,0,0,0,0,0,0,0,0,1,0,1,302,Control,High,0.75,0.6666666666666666,1.0,1.0
302,1,3,24.0,0,left,0.0,0,1,1,0,0,1,0,1,0,0,0,0,0,0,0,0,1,0,1,302,Control,Low,0.6666666666666666,0.2,1.0,0.0
305,1,50,74.0,secondary,centre,1.0,1,0,0,0,1,0,0,0,1,0,0,1,1,1,0,0,0,0,0,305,Treatment,High,0.5,0.3333333333333333,0.3333333333333333,1.0
305,1,50,74.0,secondary,centre,1.0,1,0,0,0,1,0,0,0,1,0,0,1,1,1,0,0,0,0,0,305,Treatment,Low,0.3333333333333333,0.3333333333333333,0.0,0.0
306,1,59,53.0,0,centre,0.0,1,0,0,0,1,0,1,0,0,0,0,0,0,1,0,1,0,0,0,306,Control,High,0.3333333333333333,0.5,0.5,1.0
306,1,59,53.0,0,centre,0.0,1,0,0,0,1,0,1,0,0,0,0,0,0,1,0,1,0,0,0,306,Control,Low,0.0,0.75,0.0,0.5
309,1,27,133.0,undergrad,centreRight,1.0,0,0,0,0,1,1,1,0,0,0,0,0,0,0,0,0,0,0,1,309,Treatment,High,1.0,0.5,0.0,0.3333333333333333
309,1,27,133.0,undergrad,centreRight,1.0,0,0,0,0,1,1,1,0,0,0,0,0,0,0,0,0,0,0,1,309,Treatment,Low,1.0,0.6666666666666666,0.5,0.0
310,1,8,23.0,graduateSchool,centreRight,1.0,0,0,0,0,1,0,0,0,0,1,0,1,1,0,0,1,0,0,0,310,Treatment,High,0.5,0.5,0.5,0.0
310,1,8,23.0,graduateSchool,centreRight,1.0,0,0,0,0,1,0,0,0,0,1,0,1,1,0,0,1,0,0,0,310,Treatment,Low,0.4,0.6666666666666666,0.0,0.0
311,1,31,120.0,none,centreRight,0.0,0,0,1,0,0,0,0,0,0,1,0,1,1,0,0,0,0,0,0,311,Treatment,High,1.0,0.25,0.0,0.0
311,1,31,120.0,none,centreRight,0.0,0,0,1,0,0,0,0,0,0,1,0,1,1,0,0,0,0,0,0,311,Treatment,Low,0.6666666666666666,0.75,1.0,0.5
312,1,30,108.0,graduateSchool,centre,0.0,0,0,1,1,0,0,0,0,0,0,1,0,0,1,0,0,0,0,0,312,Control,High,0.6,0.3333333333333333,1.0,0.0
312,1,30,108.0,graduateSchool,centre,0.0,0,0,1,1,0,0,0,0,0,0,1,0,0,1,0,0,0,0,0,312,Control,Low,0.5,0.42857142857142855,1.0,0.0
313,1,47,140.0,NA,right,1.0,1,0,0,0,0,0,0,0,0,0,1,1,1,0,0,0,0,0,0,313,Treatment,High,0.5,0.3333333333333333,0.0,0.5
313,1,47,140.0,NA,right,1.0,1,0,0,0,0,0,0,0,0,0,1,1,1,0,0,0,0,0,0,313,Treatment,Low,0.5,0.6,1.0,1.0
314,1,84,39.0,secondary,right,0.0,0,0,0,1,0,0,1,0,0,0,0,1,0,0,0,0,0,0,1,314,Treatment,High,0.25,0.0,0.3333333333333333,0.5
314,1,84,39.0,secondary,right,0.0,0,0,0,1,0,0,1,0,0,0,0,1,0,0,0,0,0,0,1,314,Treatment,Low,0.5714285714285714,0.5,0.0,1.0
315,1,81,128.0,graduateSchool,left,0.0,0,0,1,0,0,0,0,0,0,1,0,0,0,0,0,0,0,1,0,315,Control,High,0.6,1.0,1.0,0.3333333333333333
315,1,81,128.0,graduateSchool,left,0.0,0,0,1,0,0,0,0,0,0,1,0,0,0,0,0,0,0,1,0,315,Control,Low,0.25,0.6666666666666666,0.0,0.3333333333333333
316,1,52,23.0,doctorate,centreRight,1.0,0,0,1,1,0,0,0,0,1,1,0,0,1,1,0,0,0,0,0,316,Treatment,High,0.6666666666666666,0.0,0.5,0.5
316,1,52,23.0,doctorate,centreRight,1.0,0,0,1,1,0,0,0,0,1,1,0,0,1,1,0,0,0,0,0,316,Treatment,Low,0.2,0.75,0.0,0.0
317,1,49,62.0,secondary,centreRight,0.0,0,1,0,0,0,0,0,1,0,0,0,0,1,1,0,0,0,0,0,317,Control,High,0.5,0.25,0.0,0.0
317,1,49,62.0,secondary,centreRight,0.0,0,1,0,0,0,0,0,1,0,0,0,0,1,1,0,0,0,0,0,317,Control,Low,1.0,0.2,0.0,0.0
318,1,11,66.0,doctorate,right,1.0,0,0,1,0,1,0,0,1,0,0,0,0,0,0,0,0,1,0,0,318,Treatment,High,0.8,0.25,0.0,1.0
318,1,11,66.0,doctorate,right,1.0,0,0,1,0,1,0,0,1,0,0,0,0,0,0,0,0,1,0,0,318,Treatment,Low,0.0,0.6666666666666666,0.5,0.5
323,1,76,41.0,undergrad,centre,0.0,0,0,1,1,0,0,0,0,0,0,0,1,0,0,0,0,0,0,1,323,Control,High,0.5,0.75,0.0,0.0
323,1,76,41.0,undergrad,centre,0.0,0,0,1,1,0,0,0,0,0,0,0,1,0,0,0,0,0,0,1,323,Control,Low,0.5,0.75,1.0,0.0
324,1,76,23.0,graduateSchool,centre,1.0,0,0,0,1,0,1,0,0,0,0,0,0,1,0,0,0,0,1,0,324,Treatment,High,0.75,0.6,1.0,0.0
324,1,76,23.0,graduateSchool,centre,1.0,0,0,0,1,0,1,0,0,0,0,0,0,1,0,0,0,0,1,0,324,Treatment,Low,0.25,1.0,0.0,0.6666666666666666
325,1,20,34.0,undergrad,centre,1.0,0,0,1,1,0,0,0,0,1,0,0,0,0,1,0,0,1,0,0,325,Treatment,High,0.6666666666666666,0.6666666666666666,0.0,1.0
325,1,20,34.0,undergrad,centre,1.0,0,0,1,1,0,0,0,0,1,0,0,0,0,1,0,0,1,0,0,325,Treatment,Low,0.75,0.6666666666666666,0.0,0.0
326,1,90,112.0,communityCollege,right,1.0,0,0,0,1,0,1,0,1,0,0,0,0,1,0,0,0,0,1,0,326,Treatment,High,0.3333333333333333,0.5,0.0,1.0
326,1,90,112.0,communityCollege,right,1.0,0,0,0,1,0,1,0,1,0,0,0,0,1,0,0,0,0,1,0,326,Treatment,Low,0.25,0.25,0.0,0.0
327,1,12,124.0,secondary,centreLeft,1.0,0,1,0,0,1,0,1,0,0,0,0,0,0,0,0,1,0,0,1,327,Control,High,0.3333333333333333,0.4,1.0,0.0
327,1,12,124.0,secondary,centreLeft,1.0,0,1,0,0,1,0,1,0,0,0,0,0,0,0,0,1,0,0,1,327,Control,Low,0.3333333333333333,0.6666666666666666,0.0,0.0
328,1,79,108.0,secondary,left,1.0,0,0,0,1,0,1,0,0,0,0,0,0,0,1,0,0,0,0,0,328,Treatment,High,0.2,0.0,0.0,0.5
328,1,79,108.0,secondary,left,1.0,0,0,0,1,0,1,0,0,0,0,0,0,0,1,0,0,0,0,0,328,Treatment,Low,0.5714285714285714,1.0,0.0,0.5
329,1,37,87.0,NA,centreLeft,1.0,0,0,1,0,0,1,0,0,1,0,0,0,0,0,0,1,0,0,0,329,Control,High,0.5,0.6,0.0,1.0
329,1,37,87.0,NA,centreLeft,1.0,0,0,1,0,0,1,0,0,1,0,0,0,0,0,0,1,0,0,0,329,Control,Low,1.0,0.7142857142857143,0.0,0.0
330,1,89,123.0,communityCollege,centreLeft,1.0,0,0,1,1,0,0,1,0,0,0,0,1,1,1,0,0,0,0,0,330,Treatment,High,0.3333333333333333,0.4,0.0,0.5
330,1,89,123.0,communityCollege,centreLeft,1.0,0,0,1,1,0,0,1,0,0,0,0,1,1,1,0,0,0,0,0,330,Treatment,Low,0.25,0.6,0.0,0.0
331,1,9,64.0,NA,centreRight,0.0,0,0,0,0,1,0,0,0,0,1,1,0,0,1,0,0,1,0,0,331,Treatment,High,0.6666666666666666,0.5,0.0,0.0
331,1,9,64.0,NA,centreRight,0.0,0,0,0,0,1,0,0,0,0,1,1,0,0,1,0,0,1,0,0,331,Treatment,Low,0.5,0.6,1.0,0.0
332,1,98,52.0,graduateSchool,centre,0.0,0,0,0,0,0,0,0,0,0,0,1,0,1,0,0,0,0,0,0,332,Control,High,1.0,0.5,0.5,1.0
332,1,98,52.0,graduateSchool,centre,0.0,0,0,0,0,0,0,0,0,0,0,1,0,1,0,0,0,0,0,0,332,Control,Low,0.5,1.0,0.6666666666666666,0.0
333,1,14,81.0,undergrad,centre,1.0,0,1,0,0,1,0,1,1,0,0,0,0,0,1,1,0,0,0,0,333,Control,High,0.0,0.4,1.0,0.0
333,1,14,81.0,undergrad,centre,1.0,0,1,0,0,1,0,1,1,0,0,0,0,0,1,1,0,0,0,0,333,Control,Low,0.75,0.3333333333333333,1.0,1.0
334,1,68,96.0,graduateSchool,centre,0.0,1,0,0,0,0,0,0,1,0,0,0,0,0,0,1,0,0,0,1,334,Treatment,High,0.75,0.6666666666666666,0.0,1.0
334,1,68,96.0,graduateSchool,centre,0.0,1,0,0,0,0,0,0,1,0,0,0,0,0,0,1,0,0,0,1,334,Treatment,Low,0.0,0.8,0.0,0.0
335,1,14,83.0,communityCollege,centreLeft,0.0,1,0,0,0,0,0,0,1,0,0,0,0,0,0,0,0,0,1,0,335,Treatment,High,0.5,0.5,1.0,0.0
335,1,14,83.0,communityCollege,centreLeft,0.0,1,0,0,0,0,0,0,1,0,0,0,0,0,0,0,0,0,1,0,335,Treatment,Low,0.0,0.3333333333333333,0.3333333333333333,1.0
337,1,9,127.0,graduateSchool,centre,1.0,0,0,1,0,0,0,0,1,0,1,0,0,0,1,0,0,0,0,1,337,Control,High,0.42857142857142855,0.5,0.0,0.0
337,1,9,127.0,graduateSchool,centre,1.0,0,0,1,0,0,0,0,1,0,1,0,0,0,1,0,0,0,0,1,337,Control,Low,0.6666666666666666,1.0,1.0,0.5
338,1,31,104.0,graduateSchool,centre,1.0,1,1,0,0,0,1,0,0,0,0,0,1,0,0,0,1,0,0,0,338,Control,High,0.3333333333333333,0.8,0.0,0.5
338,1,31,104.0,graduateSchool,centre,1.0,1,1,0,0,0,1,0,0,0,0,0,1,0,0,0,1,0,0,0,338,Control,Low,0.6,0.6666666666666666,1.0,1.0
339,1,18,88.0,secondary,centre,1.0,0,1,0,0,0,0,1,0,0,0,0,0,0,1,0,0,0,0,1,339,Treatment,High,0.0,0.5,0.5,0.0
339,1,18,88.0,secondary,centre,1.0,0,1,0,0,0,0,1,0,0,0,0,0,0,1,0,0,0,0,1,339,Treatment,Low,0.5,0.5,1.0,1.0
340,1,81,144.0,undergrad,0,1.0,0,0,1,0,0,1,0,1,0,0,0,0,0,0,1,0,0,1,0,340,Treatment,High,1.0,0.5714285714285714,1.0,0.0
340,1,81,144.0,undergrad,0,1.0,0,0,1,0,0,1,0,1,0,0,0,0,0,0,1,0,0,1,0,340,Treatment,Low,0.0,1.0,0.6666666666666666,0.0
341,1,4,89.0,secondary,centreRight,1.0,0,0,0,0,0,1,0,0,0,0,0,0,0,0,1,0,1,0,0,341,Control,High,0.5,0.25,0.0,1.0
341,1,4,89.0,secondary,centreRight,1.0,0,0,0,0,0,1,0,0,0,0,0,0,0,0,1,0,1,0,0,341,Control,Low,0.7142857142857143,0.5,0.0,0.0
343,1,6,38.0,highSchool,none,1.0,1,0,1,0,0,1,0,0,0,0,0,0,0,1,0,0,0,0,1,343,Treatment,High,0.5,1.0,0.5,0.5
343,1,6,38.0,highSchool,none,1.0,1,0,1,0,0,1,0,0,0,0,0,0,0,1,0,0,0,0,1,343,Treatment,Low,0.3333333333333333,0.8,0.5,0.0
344,1,25,53.0,secondary,left,0.0,0,0,0,1,0,1,0,0,1,0,0,0,1,0,0,0,0,0,0,344,Control,High,0.2,0.25,0.0,0.0
344,1,25,53.0,secondary,left,0.0,0,0,0,1,0,1,0,0,1,0,0,0,1,0,0,0,0,0,0,344,Control,Low,1.0,0.8333333333333334,0.5,0.0
345,1,82,48.0,none,centreLeft,0.0,1,0,0,1,0,0,1,0,0,1,0,0,0,0,0,1,0,0,1,345,Control,High,0.75,0.4,1.0,0.0
345,1,82,48.0,none,centreLeft,0.0,1,0,0,1,0,0,1,0,0,1,0,0,0,0,0,1,0,0,1,345,Control,Low,0.2,0.5,0.0,0.0
346,1,68,97.0,doctorate,centreRight,1.0,0,0,1,1,0,0,1,0,0,0,0,1,0,0,0,1,0,0,0,346,Treatment,High,0.6666666666666666,0.5,1.0,0.0
346,1,68,97.0,doctorate,centreRight,1.0,0,0,1,1,0,0,1,0,0,0,0,1,0,0,0,1,0,0,0,346,Treatment,Low,0.4,1.0,0.0,0.0
347,1,75,42.0,0,centreRight,1.0,0,0,1,0,0,0,0,0,0,0,1,1,0,0,0,1,0,0,0,347,Control,High,0.75,0.3333333333333333,0.6666666666666666,0.0
347,1,75,42.0,0,centreRight,1.0,0,0,1,0,0,0,0,0,0,0,1,1,0,0,0,1,0,0,0,347,Control,Low,0.0,0.6666666666666666,0.0,1.0
348,1,94,77.0,highSchool,centreRight,1.0,0,1,0,0,1,0,0,0,0,1,0,0,0,0,0,1,0,0,0,348,Control,High,0.6,0.5,0.5,1.0
348,1,94,77.0,highSchool,centreRight,1.0,0,1,0,0,1,0,0,0,0,1,0,0,0,0,0,1,0,0,0,348,Control,Low,1.0,0.2,0.0,1.0
349,1,64,59.0,0,none,1.0,1,0,0,0,1,0,1,1,0,0,0,0,0,0,0,0,1,0,1,349,Control,High,0.6666666666666666,0.0,0.0,0.5
349,1,64,59.0,0,none,1.0,1,0,0,0,1,0,1,1,0,0,0,0,0,0,0,0,1,0,1,349,Control,Low,0.5,1.0,0.0,1.0
350,1,65,33.0,highSchool,none,1.0,0,1,1,0,0,0,0,1,0,0,0,1,0,0,0,1,0,0,0,350,Control,High,0.75,0.3333333333333333,0.0,1.0
350,1,65,33.0,highSchool,none,1.0,0,1,1,0,0,0,0,1,0,0,0,1,0,0,0,1,0,0,0,350,Control,Low,0.5,1.0,0.0,0.75
352,1,2,72.0,NA,left,1.0,0,0,0,1,1,0,0,0,0,1,0,0,0,1,0,1,0,0,0,352,Treatment,High,0.6666666666666666,0.5,0.3333333333333333,0.0
352,1,2,72.0,NA,left,1.0,0,0,0,1,1,0,0,0,0,1,0,0,0,1,0,1,0,0,0,352,Treatment,Low,0.25,1.0,0.5,1.0
353,1,91,53.0,highSchool,centreRight,0.0,1,0,0,0,0,0,1,0,0,0,1,0,0,0,0,1,0,0,0,353,Control,High,0.25,0.3333333333333333,1.0,1.0
353,1,91,53.0,highSchool,centreRight,0.0,1,0,0,0,0,0,1,0,0,0,1,0,0,0,0,1,0,0,0,353,Control,Low,0.8333333333333334,0.6666666666666666,0.0,0.0
354,1,52,76.0,secondary,left,0.0,0,0,1,1,0,0,0,0,0,1,0,0,1,0,0,1,0,0,0,354,Control,High,0.3333333333333333,0.3333333333333333,0.5,1.0
354,1,52,76.0,secondary,left,0.0,0,0,1,1,0,0,0,0,0,1,0,0,1,0,0,1,0,0,0,354,Control,Low,0.3333333333333333,0.5,1.0,0.5
355,1,13,58.0,highSchool,0,0.0,1,0,0,0,1,0,0,0,0,1,0,0,0,1,0,0,0,0,1,355,Control,High,0.6666666666666666,0.6,0.5,0.0
355,1,13,58.0,highSchool,0,0.0,1,0,0,0,1,0,0,0,0,1,0,0,0,1,0,0,0,0,1,355,Control,Low,0.16666666666666666,1.0,0.0,0.5
356,1,67,136.0,none,centreRight,1.0,0,0,0,0,1,0,0,0,1,0,0,0,0,1,0,0,0,1,0,356,Treatment,High,0.6,0.3333333333333333,1.0,0.0
356,1,67,136.0,none,centreRight,1.0,0,0,0,0,1,0,0,0,1,0,0,0,0,1,0,0,0,1,0,356,Treatment,Low,0.2,1.0,0.0,1.0
357,1,83,85.0,doctorate,centreRight,0.0,1,0,1,0,0,0,0,0,0,0,1,0,0,1,0,1,0,0,0,357,Control,High,1.0,0.42857142857142855,0.0,0.0
357,1,83,85.0,doctorate,centreRight,0.0,1,0,1,0,0,0,0,0,0,0,1,0,0,1,0,1,0,0,0,357,Control,Low,1.0,0.8333333333333334,1.0,0.0
359,1,10,81.0,secondary,centreRight,1.0,0,1,0,0,0,1,0,0,0,0,1,0,1,0,0,0,1,0,0,359,Treatment,High,1.0,0.3333333333333333,0.0,1.0
359,1,10,81.0,secondary,centreRight,1.0,0,1,0,0,0,1,0,0,0,0,1,0,1,0,0,0,1,0,0,359,Treatment,Low,0.5,0.3333333333333333,1.0,1.0
360,1,39,34.0,none,right,0.0,0,0,0,1,1,1,0,0,0,1,0,0,0,0,1,1,0,0,0,360,Treatment,High,0.5,1.0,0.0,0.0
360,1,39,34.0,none,right,0.0,0,0,0,1,1,1,0,0,0,1,0,0,0,0,1,1,0,0,0,360,Treatment,Low,0.0,1.0,0.0,0.0
362,1,19,82.0,doctorate,centreRight,1.0,0,0,0,1,1,0,0,1,1,0,0,0,0,0,0,0,1,0,0,362,Control,High,0.0,0.5,1.0,0.0
362,1,19,82.0,doctorate,centreRight,1.0,0,0,0,1,1,0,0,1,1,0,0,0,0,0,0,0,1,0,0,362,Control,Low,0.4,0.3333333333333333,0.0,1.0
363,1,83,54.0,communityCollege,none,1.0,0,0,1,0,0,0,0,1,0,0,0,0,0,0,1,1,0,0,0,363,Control,High,0.5,0.5,0.0,0.5
363,1,83,54.0,communityCollege,none,1.0,0,0,1,0,0,0,0,1,0,0,0,0,0,0,1,1,0,0,0,363,Control,Low,1.0,0.6666666666666666,1.0,1.0
364,1,94,121.0,NA,right,0.0,0,1,0,1,0,0,0,0,0,0,1,0,0,0,0,0,1,0,0,364,Treatment,High,0.6666666666666666,0.0,0.6666666666666666,0.6666666666666666
364,1,94,121.0,NA,right,0.0,0,1,0,1,0,0,0,0,0,0,1,0,0,0,0,0,1,0,0,364,Treatment,Low,0.16666666666666666,1.0,0.0,0.0
365,1,13,111.0,undergrad,centreRight,0.0,1,0,0,0,1,0,0,0,0,1,0,0,1,0,1,0,0,0,0,365,Control,High,0.6666666666666666,0.2,0.0,0.5
365,1,13,111.0,undergrad,centreRight,0.0,1,0,0,0,1,0,0,0,0,1,0,0,1,0,1,0,0,0,0,365,Control,Low,0.0,0.6,0.0,1.0
366,1,99,102.0,graduateSchool,centreRight,0.0,0,0,1,0,1,0,0,0,0,1,1,0,1,0,0,0,0,0,0,366,Control,High,0.4,0.5,1.0,1.0
366,1,99,102.0,graduateSchool,centreRight,0.0,0,0,1,0,1,0,0,0,0,1,1,0,1,0,0,0,0,0,0,366,Control,Low,0.42857142857142855,0.6666666666666666,0.0,0.0
367,1,34,29.0,graduateSchool,left,0.0,1,1,0,0,0,0,0,0,0,0,1,0,0,0,0,1,0,0,0,367,Treatment,High,0.5,0.4,1.0,0.0
367,1,34,29.0,graduateSchool,left,0.0,1,1,0,0,0,0,0,0,0,0,1,0,0,0,0,1,0,0,0,367,Treatment,Low,0.0,0.6666666666666666,0.5,0.0
368,1,63,133.0,secondary,0,0.0,0,0,1,0,1,0,0,0,0,1,0,1,0,0,0,0,0,0,1,368,Control,High,0.0,0.3333333333333333,0.0,1.0
368,1,63,133.0,secondary,0,0.0,0,0,1,0,1,0,0,0,0,1,0,1,0,0,0,0,0,0,1,368,Control,Low,1.0,0.6666666666666666,0.0,0.5
369,1,41,77.0,graduateSchool,centreRight,0.0,0,1,0,0,0,0,0,0,0,1,0,1,0,0,0,0,1,0,0,369,Control,High,0.2,0.6666666666666666,0.5,0.0
369,1,41,77.0,graduateSchool,centreRight,0.0,0,1,0,0,0,0,0,0,0,1,0,1,0,0,0,0,1,0,0,369,Control,Low,0.16666666666666666,0.6666666666666666,0.0,0.0
370,1,65,72.0,none,right,0.0,0,0,0,0,0,0,0,1,0,0,0,0,0,0,0,0,1,0,1,370,Control,High,0.75,0.0,1.0,0.0
370,1,65,72.0,none,right,0.0,0,0,0,0,0,0,0,1,0,0,0,0,0,0,0,0,1,0,1,370,Control,Low,1.0,0.6666666666666666,0.5,0.0
371,1,33,65.0,graduateSchool,centreRight,0.0,0,1,1,0,0,1,0,0,0,0,0,0,0,0,1,0,1,0,0,371,Treatment,High,0.5,0.3333333333333333,0.0,1.0
371,1,33,65.0,graduateSchool,centreRight,0.0,0,1,1,0,0,1,0,0,0,0,0,0,0,0,1,0,1,0,0,371,Treatment,Low,0.75,0.6666666666666666,0.3333333333333333,0.0
372,1,26,103.0,highSchool,centreRight,1.0,0,0,1,1,0,0,0,0,0,0,0,1,0,1,0,0,0,0,0,372,Treatment,High,0.42857142857142855,0.3333333333333333,0.0,0.0
372,1,26,103.0,highSchool,centreRight,1.0,0,0,1,1,0,0,0,0,0,0,0,1,0,1,0,0,0,0,0,372,Treatment,Low,0.3333333333333333,1.0,1.0,1.0
373,1,13,84.0,highSchool,none,0.0,0,1,1,0,0,0,0,0,1,1,0,0,0,0,0,0,1,0,1,373,Control,High,0.6666666666666666,0.25,0.3333333333333333,0.0
373,1,13,84.0,highSchool,none,0.0,0,1,1,0,0,0,0,0,1,1,0,0,0,0,0,0,1,0,1,373,Control,Low,0.4,0.5,1.0,0.0
374,1,5,22.0,NA,right,0.0,0,0,0,1,0,0,0,0,1,0,0,0,1,1,0,0,0,0,0,374,Treatment,High,0.8571428571428571,0.6666666666666666,0.0,0.0
374,1,5,22.0,NA,right,0.0,0,0,0,1,0,0,0,0,1,0,0,0,1,1,0,0,0,0,0,374,Treatment,Low,0.0,1.0,0.5,1.0
375,1,10,40.0,graduateSchool,left,1.0,0,0,0,1,0,0,1,0,0,1,0,0,0,1,0,0,0,0,1,375,Control,High,0.3333333333333333,0.3333333333333333,0.0,0.25
375,1,10,40.0,graduateSchool,left,1.0,0,0,0,1,0,0,1,0,0,1,0,0,0,1,0,0,0,0,1,375,Control,Low,0.2,0.0,0.0,0.5
377,1,39,108.0,highSchool,none,1.0,0,0,1,0,1,0,0,1,0,0,0,1,0,1,0,0,0,0,0,377,Treatment,High,0.3333333333333333,0.4,0.0,1.0
377,1,39,108.0,highSchool,none,1.0,0,0,1,0,1,0,0,1,0,0,0,1,0,1,0,0,0,0,0,377,Treatment,Low,0.25,0.6666666666666666,0.0,0.0
378,1,19,119.0,doctorate,right,0.0,0,0,0,0,1,1,0,1,0,0,0,0,0,0,0,0,1,0,0,378,Treatment,High,0.8,0.0,0.5,0.0
378,1,19,119.0,doctorate,right,0.0,0,0,0,0,1,1,0,1,0,0,0,0,0,0,0,0,1,0,0,378,Treatment,Low,0.16666666666666666,1.0,0.0,1.0
379,1,35,25.0,secondary,centreLeft,1.0,0,0,0,0,1,1,1,0,0,0,0,0,0,0,0,0,0,1,0,379,Treatment,High,0.0,0.5,0.3333333333333333,0.0
379,1,35,25.0,secondary,centreLeft,1.0,0,0,0,0,1,1,1,0,0,0,0,0,0,0,0,0,0,1,0,379,Treatment,Low,0.0,0.0,1.0,0.75
381,1,8,94.0,doctorate,centreRight,1.0,0,0,0,0,0,0,1,0,0,0,0,1,0,0,0,0,0,0,1,381,Treatment,High,0.6,0.6666666666666666,0.0,0.0
381,1,8,94.0,doctorate,centreRight,1.0,0,0,0,0,0,0,1,0,0,0,0,1,0,0,0,0,0,0,1,381,Treatment,Low,0.3333333333333333,0.5714285714285714,0.0,0.0
382,1,40,95.0,NA,none,1.0,0,0,1,0,1,1,0,0,0,0,0,0,0,0,1,0,1,0,0,382,Treatment,High,0.6666666666666666,0.6666666666666666,0.0,0.0
382,1,40,95.0,NA,none,1.0,0,0,1,0,1,1,0,0,0,0,0,0,0,0,1,0,1,0,0,382,Treatment,Low,0.6,0.6666666666666666,1.0,0.0
383,1,31,30.0,undergrad,none,0.0,1,0,1,0,0,0,0,1,0,0,0,0,0,0,0,1,0,0,0,383,Treatment,High,0.8,0.0,1.0,0.0
383,1,31,30.0,undergrad,none,0.0,1,0,1,0,0,0,0,1,0,0,0,0,0,0,0,1,0,0,0,383,Treatment,Low,0.4,0.75,1.0,0.0
384,1,25,18.0,graduateSchool,centreRight,0.0,0,1,0,0,0,0,0,1,0,0,1,0,0,0,0,1,0,0,0,384,Treatment,High,1.0,0.3333333333333333,0.0,0.2
384,1,25,18.0,graduateSchool,centreRight,0.0,0,1,0,0,0,0,0,1,0,0,1,0,0,0,0,1,0,0,0,384,Treatment,Low,0.0,0.6666666666666666,1.0,0.0
385,1,77,115.0,NA,0,1.0,0,0,0,0,1,0,0,0,1,0,0,0,1,0,0,0,0,0,0,385,Treatment,High,0.6,0.75,0.0,1.0
385,1,77,115.0,NA,0,1.0,0,0,0,0,1,0,0,0,1,0,0,0,1,0,0,0,0,0,0,385,Treatment,Low,0.4,0.5,0.0,1.0
386,1,73,72.0,highSchool,centre,0.0,1,0,0,0,0,0,0,0,1,1,0,0,0,0,0,0,1,0,1,386,Control,High,0.5,0.5,0.0,0.0
386,1,73,72.0,highSchool,centre,0.0,1,0,0,0,0,0,0,0,1,1,0,0,0,0,0,0,1,0,1,386,Control,Low,0.3333333333333333,1.0,1.0,0.2
387,1,3,121.0,none,none,0.0,0,1,0,1,0,1,0,0,1,0,0,0,1,0,1,0,0,0,0,387,Treatment,High,0.6666666666666666,0.6,0.0,1.0
387,1,3,121.0,none,none,0.0,0,1,0,1,0,1,0,0,1,0,0,0,1,0,1,0,0,0,0,387,Treatment,Low,0.4,0.6,0.0,0.0
388,1,32,125.0,undergrad,0,0.0,0,1,0,0,0,0,1,0,1,0,0,0,0,1,0,0,0,0,0,388,Control,High,0.3333333333333333,0.0,1.0,0.3333333333333333
388,1,32,125.0,undergrad,0,0.0,0,1,0,0,0,0,1,0,1,0,0,0,0,1,0,0,0,0,0,388,Control,Low,0.2222222222222222,0.0,0.0,0.0
389,1,3,75.0,secondary,none,1.0,0,0,0,0,0,0,0,0,1,1,0,0,0,0,0,0,1,0,1,389,Treatment,High,0.6666666666666666,0.5,1.0,0.6666666666666666
389,1,3,75.0,secondary,none,1.0,0,0,0,0,0,0,0,0,1,1,0,0,0,0,0,0,1,0,1,389,Treatment,Low,0.6666666666666666,0.3333333333333333,0.5,0.0
390,1,94,96.0,secondary,0,0.0,0,1,1,0,0,0,1,0,0,1,0,0,1,0,0,1,0,0,0,390,Control,High,0.6,0.5,1.0,1.0
390,1,94,96.0,secondary,0,0.0,0,1,1,0,0,0,1,0,0,1,0,0,1,0,0,1,0,0,0,390,Control,Low,0.5,0.6666666666666666,0.6666666666666666,0.5
391,1,27,29.0,NA,centreRight,0.0,1,0,0,0,0,0,0,1,0,1,0,0,1,0,0,0,1,0,0,391,Control,High,0.0,0.25,1.0,1.0
391,1,27,29.0,NA,centreRight,0.0,1,0,0,0,0,0,0,1,0,1,0,0,1,0,0,0,1,0,0,391,Control,Low,0.6666666666666666,0.75,1.0,0.0
393,1,51,119.0,graduateSchool,none,0.0,0,1,1,0,0,0,1,0,0,0,0,1,1,1,0,0,0,0,0,393,Treatment,High,0.8,0.5,0.0,1.0
393,1,51,119.0,graduateSchool,none,0.0,0,1,1,0,0,0,1,0,0,0,0,1,1,1,0,0,0,0,0,393,Treatment,Low,0.3333333333333333,0.6666666666666666,1.0,0.0
394,1,52,128.0,graduateSchool,right,0.0,1,0,0,1,0,0,0,0,0,1,0,0,1,0,0,0,0,0,0,394,Control,High,0.6666666666666666,1.0,0.0,0.6666666666666666
394,1,52,128.0,graduateSchool,right,0.0,1,0,0,1,0,0,0,0,0,1,0,0,1,0,0,0,0,0,0,394,Control,Low,1.0,0.5,0.0,0.0
395,1,23,73.0,graduateSchool,centreLeft,1.0,0,0,0,1,0,0,1,0,0,0,1,0,0,0,0,0,0,0,1,395,Control,High,0.3333333333333333,0.25,0.5,1.0
395,1,23,73.0,graduateSchool,centreLeft,1.0,0,0,0,1,0,0,1,0,0,0,1,0,0,0,0,0,0,0,1,395,Control,Low,0.5,0.0,0.0,0.0
396,1,52,78.0,graduateSchool,centreRight,0.0,1,0,1,0,0,0,1,0,0,1,0,0,0,0,0,0,1,0,1,396,Control,High,1.0,0.5,0.0,0.6666666666666666
396,1,52,78.0,graduateSchool,centreRight,0.0,1,0,1,0,0,0,1,0,0,1,0,0,0,0,0,0,1,0,1,396,Control,Low,0.42857142857142855,0.0,0.5,0.0
398,1,25,45.0,NA,centre,1.0,0,0,1,0,0,1,1,0,0,0,0,0,0,0,0,1,0,0,1,398,Control,High,1.0,0.4444444444444444,0.0,0.0
398,1,25,45.0,NA,centre,1.0,0,0,1,0,0,1,1,0,0,0,0,0,0,0,0,1,0,0,1,398,Control,Low,0.2,0.6666666666666666,1.0,0.0
399,1,35,32.0,highSchool,centreRight,1.0,1,0,1,0,0,1,0,0,0,0,0,0,1,0,0,1,0,0,0,399,Treatment,High,0.0,0.16666666666666666,1.0,1.0
399,1,35,32.0,highSchool,centreRight,1.0,1,0,1,0,0,1,0,0,0,0,0,0,1,0,0,1,0,0,0,399,Treatment,Low,0.5,1.0,0.5,0.0
400,1,57,101.0,graduateSchool,centreRight,1.0,0,0,1,0,0,0,0,0,1,1,0,0,0,0,1,0,0,0,1,400,Treatment,High,1.0,0.0,0.0,0.2
400,1,57,101.0,graduateSchool,centreRight,1.0,0,0,1,0,0,0,0,0,1,1,0,0,0,0,1,0,0,0,1,400,Treatment,Low,0.16666666666666666,0.0,0.3333333333333333,0.0
401,1,4,129.0,graduateSchool,left,1.0,0,0,0,0,0,0,0,0,1,0,0,0,1,0,0,0,0,0,0,401,Treatment,High,0.0,0.2857142857142857,0.5,0.0
401,1,4,129.0,graduateSchool,left,1.0,0,0,0,0,0,0,0,0,1,0,0,0,1,0,0,0,0,0,0,401,Treatment,Low,0.5,0.0,0.0,1.0
402,1,16,106.0,doctorate,right,0.0,0,0,0,1,0,0,0,1,0,0,0,0,0,1,0,0,0,0,0,402,Treatment,High,0.5,0.3333333333333333,0.0,0.75
402,1,16,106.0,doctorate,right,0.0,0,0,0,1,0,0,0,1,0,0,0,0,0,1,0,0,0,0,0,402,Treatment,Low,0.0,1.0,1.0,0.5
403,1,89,55.0,NA,left,1.0,1,0,0,0,0,0,0,0,0,0,1,0,0,0,0,1,0,1,0,403,Treatment,High,1.0,0.0,0.6666666666666666,1.0
403,1,89,55.0,NA,left,1.0,1,0,0,0,0,0,0,0,0,0,1,0,0,0,0,1,0,1,0,403,Treatment,Low,0.5,0.6,1.0,0.0
404,1,43,68.0,doctorate,centreLeft,1.0,0,0,0,1,0,0,1,0,0,0,0,0,0,0,0,1,0,0,0,404,Control,High,0.5,0.5,0.5,0.5
404,1,43,68.0,doctorate,centreLeft,1.0,0,0,0,1,0,0,1,0,0,0,0,0,0,0,0,1,0,0,0,404,Control,Low,0.25,0.4,0.0,0.0
406,1,12,31.0,doctorate,0,1.0,0,0,0,0,0,0,0,1,0,0,0,0,1,0,0,0,1,0,0,406,Treatment,High,0.4,0.6666666666666666,0.5,0.0
406,1,12,31.0,doctorate,0,1.0,0,0,0,0,0,0,0,1,0,0,0,0,1,0,0,0,1,0,0,406,Treatment,Low,0.4,0.6666666666666666,0.0,0.0
407,1,66,118.0,undergrad,right,0.0,0,0,0,0,1,0,0,0,0,0,0,0,0,0,1,0,0,0,1,407,Treatment,High,0.5,0.5,0.0,1.0
407,1,66,118.0,undergrad,right,0.0,0,0,0,0,1,0,0,0,0,0,0,0,0,0,1,0,0,0,1,407,Treatment,Low,1.0,0.5,0.6666666666666666,0.3333333333333333
409,1,98,94.0,communityCollege,none,1.0,0,1,1,0,0,0,0,0,0,0,1,1,0,0,1,0,0,0,1,409,Treatment,High,0.8,0.2,0.0,0.0
409,1,98,94.0,communityCollege,none,1.0,0,1,1,0,0,0,0,0,0,0,1,1,0,0,1,0,0,0,1,409,Treatment,Low,0.2,0.6666666666666666,1.0,0.0
411,1,23,83.0,graduateSchool,left,0.0,1,0,0,0,0,0,0,0,0,1,0,0,1,0,0,0,0,0,0,411,Treatment,High,0.75,0.0,0.0,1.0
411,1,23,83.0,graduateSchool,left,0.0,1,0,0,0,0,0,0,0,0,1,0,0,1,0,0,0,0,0,0,411,Treatment,Low,0.0,0.0,1.0,1.0
412,1,4,93.0,none,centreRight,0.0,0,1,0,1,0,0,0,0,0,1,0,0,0,1,0,0,0,0,0,412,Treatment,High,0.3333333333333333,0.0,0.5,0.0
412,1,4,93.0,none,centreRight,0.0,0,1,0,1,0,0,0,0,0,1,0,0,0,1,0,0,0,0,0,412,Treatment,Low,0.0,0.0,1.0,0.25
413,1,64,133.0,graduateSchool,none,0.0,1,0,1,0,0,0,0,0,1,0,0,0,0,1,0,0,0,1,0,413,Treatment,High,1.0,0.0,0.5,0.6666666666666666
413,1,64,133.0,graduateSchool,none,0.0,1,0,1,0,0,0,0,0,1,0,0,0,0,1,0,0,0,1,0,413,Treatment,Low,0.25,1.0,0.5,1.0
414,1,19,142.0,highSchool,centreRight,0.0,0,1,0,0,0,0,0,0,0,0,1,0,1,0,0,0,0,1,0,414,Control,High,0.0,0.0,1.0,0.5
414,1,19,142.0,highSchool,centreRight,0.0,0,1,0,0,0,0,0,0,0,0,1,0,1,0,0,0,0,1,0,414,Control,Low,0.0,0.8,0.0,0.0
415,1,10,149.0,highSchool,none,1.0,0,1,0,0,0,0,0,0,0,0,0,1,0,1,1,0,0,0,0,415,Control,High,0.3333333333333333,0.0,0.0,0.25
415,1,10,149.0,highSchool,none,1.0,0,1,0,0,0,0,0,0,0,0,0,1,0,1,1,0,0,0,0,415,Control,Low,0.6,0.0,0.5,1.0
416,1,57,101.0,highSchool,left,0.0,0,0,1,0,0,1,0,0,0,0,1,0,1,0,0,0,0,1,0,416,Control,High,0.2,0.6666666666666666,0.0,1.0
416,1,57,101.0,highSchool,left,0.0,0,0,1,0,0,1,0,0,0,0,1,0,1,0,0,0,0,1,0,416,Control,Low,0.3333333333333333,0.6666666666666666,0.0,0.0
419,1,95,49.0,graduateSchool,centre,0.0,0,0,1,0,0,0,0,0,0,1,0,0,1,0,0,0,0,1,0,419,Control,High,0.5,0.25,0.0,0.0
419,1,95,49.0,graduateSchool,centre,0.0,0,0,1,0,0,0,0,0,0,1,0,0,1,0,0,0,0,1,0,419,Control,Low,0.0,0.6,0.5,1.0
421,1,66,107.0,doctorate,centreRight,1.0,0,1,0,1,0,0,1,0,0,0,1,0,1,0,1,0,0,0,0,421,Treatment,High,0.5,0.0,0.3333333333333333,0.6666666666666666
421,1,66,107.0,doctorate,centreRight,1.0,0,1,0,1,0,0,1,0,0,0,1,0,1,0,1,0,0,0,0,421,Treatment,Low,0.16666666666666666,1.0,0.0,0.0
422,1,82,33.0,highSchool,right,0.0,0,0,1,0,0,0,0,1,0,1,0,0,0,0,0,0,1,0,0,422,Treatment,High,1.0,0.5,0.0,0.4
422,1,82,33.0,highSchool,right,0.0,0,0,1,0,0,0,0,1,0,1,0,0,0,0,0,0,1,0,0,422,Treatment,Low,0.8,0.3333333333333333,0.0,0.0
423,1,60,39.0,doctorate,right,1.0,0,0,0,1,1,0,0,0,1,0,1,0,1,0,0,0,0,0,1,423,Control,High,0.5,0.5714285714285714,1.0,0.0
423,1,60,39.0,doctorate,right,1.0,0,0,0,1,1,0,0,0,1,0,1,0,1,0,0,0,0,0,1,423,Control,Low,0.3333333333333333,0.6,0.0,0.0
424,1,89,26.0,graduateSchool,centreRight,0.0,0,0,1,0,0,0,0,0,0,0,1,0,0,1,1,0,0,0,0,424,Treatment,High,0.6666666666666666,0.5,0.0,0.5
424,1,89,26.0,graduateSchool,centreRight,0.0,0,0,1,0,0,0,0,0,0,0,1,0,0,1,1,0,0,0,0,424,Treatment,Low,0.8,0.0,0.0,0.0
426,1,74,112.0,none,right,1.0,0,0,1,0,1,0,0,0,1,0,1,0,0,0,0,1,1,0,0,426,Control,High,0.3333333333333333,0.6666666666666666,1.0,0.5
426,1,74,112.0,none,right,1.0,0,0,1,0,1,0,0,0,1,0,1,0,0,0,0,1,1,0,0,426,Control,Low,0.0,1.0,1.0,1.0
427,1,19,138.0,0,left,1.0,1,0,0,0,0,0,0,0,1,0,0,0,0,0,0,0,0,0,1,427,Control,High,0.5,0.14285714285714285,0.0,1.0
427,1,19,138.0,0,left,1.0,1,0,0,0,0,0,0,0,1,0,0,0,0,0,0,0,0,0,1,427,Control,Low,0.8333333333333334,0.0,0.0,0.0
428,1,7,117.0,0,centreLeft,0.0,0,1,0,0,0,0,0,0,0,0,0,1,0,0,0,0,1,0,0,428,Control,High,1.0,0.25,0.0,0.2
428,1,7,117.0,0,centreLeft,0.0,0,1,0,0,0,0,0,0,0,0,0,1,0,0,0,0,1,0,0,428,Control,Low,0.3333333333333333,0.4,0.0,0.5
429,1,9,81.0,0,left,0.0,1,0,0,0,1,0,1,0,0,0,1,0,0,0,0,0,0,1,0,429,Treatment,High,0.3333333333333333,0.5,0.0,0.3333333333333333
429,1,9,81.0,0,left,0.0,1,0,0,0,1,0,1,0,0,0,1,0,0,0,0,0,0,1,0,429,Treatment,Low,1.0,0.8,0.6666666666666666,0.0
430,1,98,99.0,communityCollege,centreRight,1.0,0,1,0,0,0,1,0,1,0,0,0,0,0,0,0,1,1,0,0,430,Treatment,High,0.5,0.75,0.6666666666666666,0.0
430,1,98,99.0,communityCollege,centreRight,1.0,0,1,0,0,0,1,0,1,0,0,0,0,0,0,0,1,1,0,0,430,Treatment,Low,0.5,0.6666666666666666,1.0,1.0
432,1,29,139.0,highSchool,left,1.0,1,0,0,0,1,0,0,0,0,0,1,1,1,0,1,0,0,0,0,432,Control,High,0.5,0.0,0.6666666666666666,0.0
432,1,29,139.0,highSchool,left,1.0,1,0,0,0,1,0,0,0,0,0,1,1,1,0,1,0,0,0,0,432,Control,Low,0.0,0.6666666666666666,0.6666666666666666,0.0
433,1,16,124.0,doctorate,left,0.0,0,1,0,1,0,0,0,0,1,0,0,0,0,0,0,1,0,0,0,433,Control,High,0.6,0.3333333333333333,0.0,1.0
433,1,16,124.0,doctorate,left,0.0,0,1,0,1,0,0,0,0,1,0,0,0,0,0,0,1,0,0,0,433,Control,Low,0.5,0.0,0.5,1.0
434,1,48,113.0,0,centreLeft,1.0,0,1,0,0,0,0,0,1,0,0,0,0,0,1,1,0,0,0,0,434,Treatment,High,0.5,0.3333333333333333,0.0,0.5
434,1,48,113.0,0,centreLeft,1.0,0,1,0,0,0,0,0,1,0,0,0,0,0,1,1,0,0,0,0,434,Treatment,Low,0.0,0.5714285714285714,0.0,0.3333333333333333
435,1,94,25.0,none,centre,0.0,1,0,0,0,1,1,0,1,0,0,0,0,0,0,0,0,0,1,1,435,Treatment,High,1.0,1.0,1.0,0.0
435,1,94,25.0,none,centre,0.0,1,0,0,0,1,1,0,1,0,0,0,0,0,0,0,0,0,1,1,435,Treatment,Low,0.0,0.75,0.6666666666666666,1.0
436,1,81,109.0,graduateSchool,centreLeft,0.0,0,1,1,0,0,0,0,0,0,0,0,0,0,0,1,0,0,0,1,436,Control,High,0.75,0.6666666666666666,0.0,0.5
436,1,81,109.0,graduateSchool,centreLeft,0.0,0,1,1,0,0,0,0,0,0,0,0,0,0,0,1,0,0,0,1,436,Control,Low,0.6,0.75,0.0,0.0
437,1,1,69.0,graduateSchool,centreLeft,0.0,0,0,1,0,0,0,0,0,0,1,0,0,0,0,0,0,0,0,1,437,Treatment,High,0.5,0.0,0.5,0.0
437,1,1,69.0,graduateSchool,centreLeft,0.0,0,0,1,0,0,0,0,0,0,1,0,0,0,0,0,0,0,0,1,437,Treatment,Low,0.0,1.0,0.0,0.3333333333333333
438,1,28,117.0,NA,right,0.0,1,0,0,0,1,0,0,0,0,0,0,0,1,0,0,1,0,0,0,438,Treatment,High,0.6666666666666666,0.0,0.5,1.0
438,1,28,117.0,NA,right,0.0,1,0,0,0,1,0,0,0,0,0,0,0,1,0,0,1,0,0,0,438,Treatment,Low,0.5,1.0,0.3333333333333333,0.0
439,1,37,61.0,doctorate,left,0.0,0,0,0,1,0,0,0,0,0,1,0,0,0,0,0,1,0,0,0,439,Control,High,0.3333333333333333,1.0,0.25,0.0
439,1,37,61.0,doctorate,left,0.0,0,0,0,1,0,0,0,0,0,1,0,0,0,0,0,1,0,0,0,439,Control,Low,0.3333333333333333,0.5,0.6666666666666666,1.0
441,1,4,68.0,communityCollege,centre,0.0,0,0,0,1,0,0,0,0,0,1,0,0,0,0,0,1,0,0,0,441,Control,High,0.6,0.5,0.0,0.0
441,1,4,68.0,communityCollege,centre,0.0,0,0,0,1,0,0,0,0,0,1,0,0,0,0,0,1,0,0,0,441,Control,Low,1.0,0.7142857142857143,1.0,1.0
442,1,17,46.0,communityCollege,centre,1.0,0,1,0,0,1,0,1,0,0,0,0,1,0,1,0,0,0,1,0,442,Treatment,High,0.6666666666666666,0.25,0.5,1.0
442,1,17,46.0,communityCollege,centre,1.0,0,1,0,0,1,0,1,0,0,0,0,1,0,1,0,0,0,1,0,442,Treatment,Low,0.0,1.0,1.0,0.0
443,1,61,103.0,undergrad,centre,0.0,0,0,1,0,1,0,0,0,0,1,0,0,0,1,0,0,0,0,1,443,Treatment,High,0.0,0.3333333333333333,0.0,0.0
443,1,61,103.0,undergrad,centre,0.0,0,0,1,0,1,0,0,0,0,1,0,0,0,1,0,0,0,0,1,443,Treatment,Low,0.0,0.0,0.0,0.6666666666666666
444,1,52,18.0,highSchool,0,0.0,0,1,1,0,0,0,0,0,0,0,1,0,0,0,0,0,0,1,1,444,Control,High,1.0,0.0,1.0,0.6666666666666666
444,1,52,18.0,highSchool,0,0.0,0,1,1,0,0,0,0,0,0,0,1,0,0,0,0,0,0,1,1,444,Control,Low,0.0,0.6666666666666666,0.0,0.6666666666666666
445,1,12,25.0,secondary,none,0.0,0,1,0,0,1,0,0,0,0,1,0,1,0,0,0,0,1,0,0,445,Control,High,0.0,0.5,0.25,0.0
445,1,12,25.0,secondary,none,0.0,0,1,0,0,1,0,0,0,0,1,0,1,0,0,0,0,1,0,0,445,Control,Low,0.4,0.6666666666666666,1.0,0.0
446,1,77,58.0,undergrad,centre,1.0,0,1,0,0,1,0,0,0,0,0,0,1,1,0,0,0,0,0,1,446,Control,High,0.5,0.6666666666666666,0.0,0.5
446,1,77,58.0,undergrad,centre,1.0,0,1,0,0,1,0,0,0,0,0,0,1,1,0,0,0,0,0,1,446,Control,Low,0.5,0.0,0.0,0.5
447,1,8,149.0,none,centreLeft,0.0,1,0,0,0,0,0,0,1,0,0,0,0,0,1,0,0,0,0,0,447,Control,High,0.5,0.6666666666666666,1.0,0.3333333333333333
447,1,8,149.0,none,centreLeft,0.0,1,0,0,0,0,0,0,1,0,0,0,0,0,1,0,0,0,0,0,447,Control,Low,0.5,0.6,0.0,0.5
448,1,92,115.0,NA,none,1.0,0,1,0,0,0,1,0,0,0,0,0,0,0,0,0,0,1,0,0,448,Control,High,0.5,0.0,1.0,0.5
448,1,92,115.0,NA,none,1.0,0,1,0,0,0,1,0,0,0,0,0,0,0,0,0,0,1,0,0,448,Control,Low,0.0,0.3333333333333333,0.5,0.0
450,1,93,61.0,0,centreLeft,1.0,0,0,0,1,0,1,1,0,0,0,0,0,0,0,0,0,0,0,1,450,Control,High,0.5,0.6,0.0,0.3333333333333333
450,1,93,61.0,0,centreLeft,1.0,0,0,0,1,0,1,1,0,0,0,0,0,0,0,0,0,0,0,1,450,Control,Low,0.8,1.0,0.0,1.0
451,1,48,95.0,highSchool,centre,1.0,1,1,0,0,0,0,0,1,0,0,0,1,1,0,0,0,0,1,0,451,Control,High,0.6,0.3333333333333333,0.0,0.0
451,1,48,95.0,highSchool,centre,1.0,1,1,0,0,0,0,0,1,0,0,0,1,1,0,0,0,0,1,0,451,Control,Low,0.0,0.3333333333333333,0.5,0.0
452,1,1,22.0,secondary,0,0.0,0,0,1,0,0,1,0,0,0,0,0,1,0,1,0,1,0,0,0,452,Control,High,0.25,0.6666666666666666,0.3333333333333333,0.0
452,1,1,22.0,secondary,0,0.0,0,0,1,0,0,1,0,0,0,0,0,1,0,1,0,1,0,0,0,452,Control,Low,0.5,0.6666666666666666,0.0,0.6666666666666666
454,1,9,130.0,undergrad,centre,0.0,0,0,0,1,1,0,0,0,0,1,1,0,1,0,0,0,0,1,0,454,Control,High,0.5,0.0,0.0,0.0
454,1,9,130.0,undergrad,centre,0.0,0,0,0,1,1,0,0,0,0,1,1,0,1,0,0,0,0,1,0,454,Control,Low,0.0,0.8,0.0,1.0
455,1,3,43.0,none,centreLeft,1.0,0,1,0,0,1,0,0,1,0,0,0,1,0,0,0,0,0,0,1,455,Treatment,High,0.8,0.75,0.0,0.0
455,1,3,43.0,none,centreLeft,1.0,0,1,0,0,1,0,0,1,0,0,0,1,0,0,0,0,0,0,1,455,Treatment,Low,0.3333333333333333,0.75,0.5,1.0
456,1,58,107.0,graduateSchool,centreRight,0.0,0,1,1,0,0,0,0,0,1,1,0,0,0,1,0,0,0,1,0,456,Treatment,High,1.0,0.3333333333333333,0.0,0.5
456,1,58,107.0,graduateSchool,centreRight,0.0,0,1,1,0,0,0,0,0,1,1,0,0,0,1,0,0,0,1,0,456,Treatment,Low,0.6666666666666666,1.0,0.0,0.5
457,1,46,25.0,NA,left,0.0,0,0,1,0,0,0,0,0,0,0,0,1,0,0,0,0,1,0,0,457,Control,High,0.5,0.8,0.0,0.0
457,1,46,25.0,NA,left,0.0,0,0,1,0,0,0,0,0,0,0,0,1,0,0,0,0,1,0,0,457,Control,Low,0.4,0.5,0.0,1.0
458,1,95,69.0,none,0,1.0,0,0,1,1,0,0,0,0,0,0,1,0,0,1,0,0,0,0,0,458,Treatment,High,0.6,0.2,0.0,0.0
458,1,95,69.0,none,0,1.0,0,0,1,1,0,0,0,0,0,0,1,0,0,1,0,0,0,0,0,458,Treatment,Low,0.16666666666666666,1.0,1.0,0.0
459,1,100,50.0,0,centreRight,1.0,1,0,0,0,0,0,0,1,0,0,0,0,0,0,0,1,0,0,0,459,Control,High,0.3333333333333333,0.3333333333333333,0.5,0.0
459,1,100,50.0,0,centreRight,1.0,1,0,0,0,0,0,0,1,0,0,0,0,0,0,0,1,0,0,0,459,Control,Low,0.0,0.5,0.5,0.0
460,1,20,48.0,0,centreLeft,1.0,0,1,0,0,0,0,0,0,1,0,1,0,0,0,0,0,1,0,0,460,Control,High,0.25,0.6666666666666666,1.0,1.0
460,1,20,48.0,0,centreLeft,1.0,0,1,0,0,0,0,0,0,1,0,1,0,0,0,0,0,1,0,0,460,Control,Low,0.3333333333333333,0.0,0.0,0.0
461,1,77,92.0,doctorate,centreRight,0.0,1,0,0,1,0,1,0,0,0,0,0,0,1,0,1,0,0,0,0,461,Treatment,High,0.5,0.0,1.0,1.0
461,1,77,92.0,doctorate,centreRight,0.0,1,0,0,1,0,1,0,0,0,0,0,0,1,0,1,0,0,0,0,461,Treatment,Low,0.6666666666666666,1.0,1.0,0.0
462,1,4,41.0,none,left,1.0,1,0,0,0,1,1,0,1,0,0,0,0,0,1,0,0,0,0,0,462,Treatment,High,0.6666666666666666,0.0,0.3333333333333333,0.0
462,1,4,41.0,none,left,1.0,1,0,0,0,1,1,0,1,0,0,0,0,0,1,0,0,0,0,0,462,Treatment,Low,0.5,0.6666666666666666,0.0,0.5
463,1,39,88.0,none,none,1.0,0,1,0,0,0,0,0,0,1,0,0,1,0,0,0,0,1,0,0,463,Control,High,0.75,0.5,0.0,1.0
463,1,39,88.0,none,none,1.0,0,1,0,0,0,0,0,0,1,0,0,1,0,0,0,0,1,0,0,463,Control,Low,0.25,0.3333333333333333,0.0,1.0
464,1,46,36.0,highSchool,left,0.0,0,1,0,0,1,1,0,0,0,0,0,1,0,1,1,0,0,0,0,464,Treatment,High,1.0,0.6666666666666666,0.75,0.0
464,1,46,36.0,highSchool,left,0.0,0,1,0,0,1,1,0,0,0,0,0,1,0,1,1,0,0,0,0,464,Treatment,Low,1.0,1.0,0.0,0.6666666666666666
465,1,10,67.0,doctorate,centre,0.0,0,0,0,1,1,0,0,0,0,0,0,0,0,0,0,0,0,0,1,465,Control,High,0.0,0.6666666666666666,1.0,0.0
465,1,10,67.0,doctorate,centre,0.0,0,0,0,1,1,0,0,0,0,0,0,0,0,0,0,0,0,0,1,465,Control,Low,1.0,0.25,1.0,0.5
466,1,61,149.0,secondary,left,1.0,1,0,0,1,0,0,1,1,0,0,0,0,0,0,0,0,1,0,1,466,Treatment,High,1.0,1.0,0.0,1.0
466,1,61,149.0,secondary,left,1.0,1,0,0,1,0,0,1,1,0,0,0,0,0,0,0,0,1,0,1,466,Treatment,Low,0.6666666666666666,0.5,1.0,0.6666666666666666
467,1,84,131.0,highSchool,centreRight,0.0,0,0,0,0,1,0,0,0,0,1,0,0,0,0,1,0,0,1,0,467,Control,High,1.0,0.5,0.6666666666666666,0.6666666666666666
467,1,84,131.0,highSchool,centreRight,0.0,0,0,0,0,1,0,0,0,0,1,0,0,0,0,1,0,0,1,0,467,Control,Low,0.3333333333333333,0.6666666666666666,1.0,0.0
468,1,56,41.0,undergrad,none,1.0,0,1,0,0,0,0,0,0,0,0,1,0,0,0,0,1,0,1,0,468,Treatment,High,0.6666666666666666,0.5,0.0,0.5
468,1,56,41.0,undergrad,none,1.0,0,1,0,0,0,0,0,0,0,0,1,0,0,0,0,1,0,1,0,468,Treatment,Low,0.5,0.5,1.0,0.6666666666666666
469,1,50,23.0,communityCollege,left,1.0,0,0,0,1,1,0,0,0,0,0,0,1,0,1,0,0,0,0,0,469,Control,High,0.6,0.6666666666666666,0.0,0.0
469,1,50,23.0,communityCollege,left,1.0,0,0,0,1,1,0,0,0,0,0,0,1,0,1,0,0,0,0,0,469,Control,Low,1.0,0.4,0.0,0.0
470,1,39,63.0,highSchool,centreLeft,0.0,1,1,0,0,0,1,0,0,0,0,0,1,0,0,0,1,0,0,1,470,Treatment,High,0.3333333333333333,0.75,1.0,0.5
470,1,39,63.0,highSchool,centreLeft,0.0,1,1,0,0,0,1,0,0,0,0,0,1,0,0,0,1,0,0,1,470,Treatment,Low,0.5,0.6,0.0,1.0
471,1,8,142.0,none,centre,1.0,0,0,0,0,1,0,0,0,1,0,0,0,0,0,0,0,1,0,0,471,Control,High,0.0,0.2857142857142857,0.0,1.0
471,1,8,142.0,none,centre,1.0,0,0,0,0,1,0,0,0,1,0,0,0,0,0,0,0,1,0,0,471,Control,Low,0.25,0.0,0.5,0.5
472,1,13,72.0,communityCollege,0,1.0,0,0,0,0,1,0,0,0,0,0,1,0,0,0,0,0,1,0,0,472,Treatment,High,1.0,0.25,0.0,0.5
472,1,13,72.0,communityCollege,0,1.0,0,0,0,0,1,0,0,0,0,0,1,0,0,0,0,0,1,0,0,472,Treatment,Low,0.25,1.0,0.0,0.0
473,1,6,103.0,secondary,centreRight,1.0,1,0,0,1,0,0,0,0,1,0,0,0,1,0,1,0,0,0,0,473,Control,High,1.0,0.16666666666666666,1.0,0.0
473,1,6,103.0,secondary,centreRight,1.0,1,0,0,1,0,0,0,0,1,0,0,0,1,0,1,0,0,0,0,473,Control,Low,1.0,1.0,1.0,0.8
475,1,49,33.0,communityCollege,centreRight,1.0,0,1,0,1,0,0,1,0,0,0,0,1,0,0,0,1,0,0,1,475,Control,High,0.3333333333333333,0.5,0.0,1.0
475,1,49,33.0,communityCollege,centreRight,1.0,0,1,0,1,0,0,1,0,0,0,0,1,0,0,0,1,0,0,1,475,Control,Low,0.6666666666666666,1.0,0.0,0.0
476,1,32,73.0,undergrad,centre,0.0,0,1,1,0,0,1,0,0,0,0,0,0,0,0,0,0,0,0,1,476,Control,High,0.5,0.5,0.6666666666666666,1.0
476,1,32,73.0,undergrad,centre,0.0,0,1,1,0,0,1,0,0,0,0,0,0,0,0,0,0,0,0,1,476,Control,Low,0.6666666666666666,0.75,0.6666666666666666,0.0
478,1,20,35.0,doctorate,none,0.0,1,0,0,0,1,1,0,0,0,0,1,0,0,0,0,1,0,1,0,478,Control,High,1.0,0.4,0.0,0.3333333333333333
478,1,20,35.0,doctorate,none,0.0,1,0,0,0,1,1,0,0,0,0,1,0,0,0,0,1,0,1,0,478,Control,Low,0.6666666666666666,0.4,0.0,0.0
479,1,65,34.0,NA,centre,1.0,0,0,0,1,0,0,1,0,1,0,0,0,1,0,0,1,0,0,0,479,Control,High,0.4,0.0,0.0,0.25
479,1,65,34.0,NA,centre,1.0,0,0,0,1,0,0,1,0,1,0,0,0,1,0,0,1,0,0,0,479,Control,Low,0.0,0.3333333333333333,0.0,1.0
480,1,73,69.0,secondary,centreLeft,0.0,1,0,0,1,0,0,0,1,0,0,0,0,0,0,0,1,0,0,0,480,Control,High,0.5,0.25,0.5,0.5
480,1,73,69.0,secondary,centreLeft,0.0,1,0,0,1,0,0,0,1,0,0,0,0,0,0,0,1,0,0,0,480,Control,Low,0.3333333333333333,0.6,0.0,1.0
482,1,56,36.0,secondary,right,1.0,0,1,0,0,1,0,0,1,0,0,0,1,0,1,0,0,0,1,0,482,Treatment,High,0.6666666666666666,0.25,0.0,0.0
482,1,56,36.0,secondary,right,1.0,0,1,0,0,1,0,0,1,0,0,0,1,0,1,0,0,0,1,0,482,Treatment,Low,0.8,0.75,0.0,1.0
483,1,78,135.0,NA,right,1.0,0,0,1,1,0,0,0,0,0,0,1,0,0,0,0,0,0,1,0,483,Control,High,0.5,0.2857142857142857,0.0,1.0
483,1,78,135.0,NA,right,1.0,0,0,1,1,0,0,0,0,0,0,1,0,0,0,0,0,0,1,0,483,Control,Low,0.6666666666666666,1.0,0.6666666666666666,1.0
484,1,98,117.0,communityCollege,centreRight,1.0,0,1,0,0,1,0,0,0,0,1,0,0,1,0,0,0,1,0,0,484,Control,High,0.5,0.6666666666666666,1.0,0.6666666666666666
484,1,98,117.0,communityCollege,centreRight,1.0,0,1,0,0,1,0,0,0,0,1,0,0,1,0,0,0,1,0,0,484,Control,Low,0.3333333333333333,0.5,0.0,0.0
485,1,98,96.0,communityCollege,left,0.0,1,0,0,0,0,1,0,0,1,0,0,0,1,0,0,0,0,0,0,485,Treatment,High,0.2,0.3333333333333333,1.0,0.0
485,1,98,96.0,communityCollege,left,0.0,1,0,0,0,0,1,0,0,1,0,0,0,1,0,0,0,0,0,0,485,Treatment,Low,0.6666666666666666,0.6,0.0,0.0
486,1,99,82.0,graduateSchool,centreLeft,0.0,0,1,0,1,0,0,0,0,0,0,1,0,0,1,0,0,0,0,0,486,Control,High,0.3333333333333333,0.0,0.5,0.5
486,1,99,82.0,graduateSchool,centreLeft,0.0,0,1,0,1,0,0,0,0,0,0,1,0,0,1,0,0,0,0,0,486,Control,Low,0.5,0.5,0.0,0.0
487,1,24,99.0,none,centreRight,1.0,1,0,0,1,0,0,0,1,0,0,0,0,0,0,0,0,1,0,0,487,Control,High,0.14285714285714285,1.0,0.0,1.0
487,1,24,99.0,none,centreRight,1.0,1,0,0,1,0,0,0,1,0,0,0,0,0,0,0,0,1,0,0,487,Control,Low,0.25,0.0,0.0,0.5
488,1,71,36.0,doctorate,centre,0.0,0,1,0,0,0,0,0,0,0,0,1,0,0,0,0,1,0,0,1,488,Treatment,High,0.6666666666666666,0.2,0.0,0.0
488,1,71,36.0,doctorate,centre,0.0,0,1,0,0,0,0,0,0,0,0,1,0,0,0,0,1,0,0,1,488,Treatment,Low,0.5,1.0,1.0,0.0
489,1,65,111.0,none,left,1.0,0,0,0,1,1,0,1,0,0,1,0,0,0,0,0,0,1,0,1,489,Control,High,0.0,0.6666666666666666,0.0,0.5
489,1,65,111.0,none,left,1.0,0,0,0,1,1,0,1,0,0,1,0,0,0,0,0,0,1,0,1,489,Control,Low,0.5,1.0,0.0,1.0
490,1,26,78.0,secondary,centre,1.0,0,1,0,0,0,0,0,1,0,0,0,0,0,0,0,0,0,0,1,490,Treatment,High,0.7142857142857143,1.0,1.0,0.0
490,1,26,78.0,secondary,centre,1.0,0,1,0,0,0,0,0,1,0,0,0,0,0,0,0,0,0,0,1,490,Treatment,Low,0.5,0.5,0.0,0.0
492,1,15,91.0,doctorate,right,0.0,0,1,1,0,0,0,0,0,0,0,1,1,0,0,0,0,0,0,1,492,Control,High,0.3333333333333333,0.75,0.0,1.0
492,1,15,91.0,doctorate,right,0.0,0,1,1,0,0,0,0,0,0,0,1,1,0,0,0,0,0,0,1,492,Control,Low,0.2,0.6,0.0,0.0
493,1,66,88.0,undergrad,centreLeft,0.0,1,0,0,1,0,1,0,0,0,1,0,0,0,0,1,1,0,0,0,493,Control,High,0.8,0.4,0.0,0.0
493,1,66,88.0,undergrad,centreLeft,0.0,1,0,0,1,0,1,0,0,0,1,0,0,0,0,1,1,0,0,0,493,Control,Low,0.0,0.4,0.0,0.0
494,1,81,114.0,highSchool,centreLeft,0.0,0,0,1,0,1,0,0,0,0,1,0,0,1,0,1,0,0,0,0,494,Treatment,High,0.25,0.3333333333333333,1.0,0.5
494,1,81,114.0,highSchool,centreLeft,0.0,0,0,1,0,1,0,0,0,0,1,0,0,1,0,1,0,0,0,0,494,Treatment,Low,0.4,1.0,0.5,0.5
496,1,33,134.0,NA,none,1.0,0,0,1,1,0,0,0,0,0,0,1,0,0,1,0,1,0,0,0,496,Treatment,High,0.6,0.5,0.5,1.0
496,1,33,134.0,NA,none,1.0,0,0,1,1,0,0,0,0,0,0,1,0,0,1,0,1,0,0,0,496,Treatment,Low,0.3333333333333333,0.8,1.0,0.0
497,1,9,117.0,graduateSchool,centreRight,0.0,0,0,1,0,0,0,0,0,0,1,0,0,1,0,1,0,0,0,0,497,Treatment,High,0.75,0.5,1.0,0.5
497,1,9,117.0,graduateSchool,centreRight,0.0,0,0,1,0,0,0,0,0,0,1,0,0,1,0,1,0,0,0,0,497,Treatment,Low,0.3333333333333333,1.0,0.0,0.3333333333333333
498,1,66,44.0,doctorate,centre,0.0,0,1,0,0,0,0,0,0,0,0,0,0,0,0,1,0,0,1,0,498,Control,High,0.8,0.6666666666666666,0.0,0.5
498,1,66,44.0,doctorate,centre,0.0,0,1,0,0,0,0,0,0,0,0,0,0,0,0,1,0,0,1,0,498,Control,Low,0.6,0.6666666666666666,0.0,0.5
499,1,63,36.0,NA,right,0.0,0,0,0,1,0,1,0,0,0,0,0,0,0,0,0,0,0,0,1,499,Control,High,0.5,0.3333333333333333,0.0,1.0
499,1,63,36.0,NA,right,0.0,0,0,0,1,0,1,0,0,0,0,0,0,0,0,0,0,0,0,1,499,Control,Low,0.3333333333333333,0.4,0.5,0.0
